,Time,Timestamp,Event,"Count Rate, cps","Dose rate, R/h","Dose Rate Error, %",Dose Rate Alarm,Dose Alarm,"Duration of dose accumulation, sec.","Dose, R",Temperature,Latitude,Longitude,Comment
47,2026-03-28 09:33:50.457,134192090304570000,,21.614584,9.46111e-05,12.4,0,0,,,,,,
48,2026-03-28 09:34:38.957,134192090789570000,,39.0,0.00025498046,78.0,0,0,,,,,,
49,2026-03-28 09:34:48.857,134192090888570000,,,,,0,0,420634.0,0.002349,-10.7,,,
50,2026-03-28 09:35:27.457,134192091274570000,,24.177084,9.628906e-05,12.1,0,0,,,,,,
51,2026-03-28 09:35:48.857,134192091488570000,,,,,0,0,420694.0,0.002351,-13.2,,,
52,2026-03-28 09:36:48.857,134192092088570000,,,,,0,0,420754.0,0.002353,-15.6,,,
53,2026-03-28 09:37:03.457,134192092234570000,,26.458334,0.00010582072,11.5,0,0,,,,,,
54,2026-03-28 09:37:48.857,134192092688570000,,,,,0,0,420814.0,0.002354,-17.9,,,
55,2026-03-28 09:38:15.457,134192092954570000,,29.296875,0.000114697774,7.6,0,0,,,,,,
56,2026-03-28 09:38:48.857,134192093288570000,,,,,0,0,420874.0,0.002356,-19.9,,,
57,2026-03-28 09:38:52.187,134192093321870000,The temperature is too low,,,,0,0,,,-20.0,,,
58,2026-03-28 09:39:27.457,134192093674570000,,30.401041,0.0001202296,7.6,0,0,,,,,,
59,2026-03-28 09:39:48.857,134192093888570000,,,,,0,0,420934.0,0.002358,-21.7,,,
60,2026-03-28 09:40:48.857,134192094488570000,,,,,0,0,420994.0,0.00236,-23.4,,,
61,2026-03-28 09:41:48.857,134192095088570000,,,,,0,0,421054.0,0.002362,-24.9,,,
62,2026-03-28 09:41:51.457,134192095114570000,,33.322918,0.00012264505,10.7,0,0,,,,,,
63,2026-03-28 09:42:48.857,134192095688570000,,,,,0,0,421114.0,0.002364,-26.3,,,
64,2026-03-28 09:42:49.457,134192095694570000,,38.05,0.00017932129,19.6,0,0,,,,,,
65,2026-03-28 09:42:58.457,134192095784570000,,36.3,0.00017162597,19.6,0,0,,,,,,
66,2026-03-28 09:43:00.457,134192095804570000,,31.791666,0.00012000122,20.9,0,0,,,,,,
67,2026-03-28 09:43:22.457,134192096024570000,,32.291668,0.00013623657,20.9,0,0,,,,,,
68,2026-03-28 09:43:24.457,134192096044570000,,40.25,0.00014848633,47.1,0,0,,,,,,
69,2026-03-28 09:43:27.337,134192096073370000,,28.25,0.0001045044,47.1,0,0,,,,,,
70,2026-03-28 09:43:27.575,134192096075750000,,122.0,0.00019970704,92.6,0,0,,,,,,
71,2026-03-28 09:43:27.705,134192096077050000,,122.0,0.00019970704,92.6,0,0,,,,,,
72,2026-03-28 09:43:28.075,134192096080750000,,56.0,0.0002810547,99.0,0,0,,,,,,
73,2026-03-28 09:43:28.455,134192096084550000,,41.0,0.00014599609,99.0,0,0,,,,,,
74,2026-03-28 09:43:29.455,134192096094550000,,14.0,4.5996094e-05,99.0,0,0,,,,,,
75,2026-03-28 09:43:30.075,134192096100750000,,44.4,0.00014324219,60.4,0,0,,,,,,
76,2026-03-28 09:43:32.205,134192096122050000,,44.4,0.0001496875,60.4,0,0,,,,,,
77,2026-03-28 09:43:32.705,134192096127050000,,24.0,5.218506e-05,57.0,0,0,,,,,,
78,2026-03-28 09:43:36.205,134192096162050000,,39.0,0.00018652344,57.0,0,0,,,,,,
79,2026-03-28 09:43:36.705,134192096167050000,,38.0,0.000109960936,86.9,0,0,,,,,,
80,2026-03-28 09:43:36.955,134192096169550000,,52.0,0.00019873047,86.9,0,0,,,,,,
81,2026-03-28 09:43:37.705,134192096177050000,,26.0,7.0898436e-06,67.0,0,0,,,,,,
82,2026-03-28 09:43:39.955,134192096199550000,,26.8,4.9248047e-05,67.0,0,0,,,,,,
83,2026-03-28 09:43:43.705,134192096237050000,,33.05,0.0001368037,9.8,0,0,,,,,,
84,2026-03-28 09:43:48.857,134192096288570000,,,,,0,0,421174.0,0.002367,-27.6,,,
85,2026-03-28 09:44:32.455,134192096724550000,,35.98,0.00014229638,9.8,0,0,,,,,,
86,2026-03-28 09:44:48.855,134192096888550000,,,,,0,0,421234.0,0.0023689999,-28.9,,,
87,2026-03-28 09:45:25.455,134192097254550000,,37.89423,0.0001426448,9.7,0,0,,,,,,
88,2026-03-28 09:45:27.455,134192097274550000,,40.25,0.00017739747,20.4,0,0,,,,,,
89,2026-03-28 09:45:45.455,134192097454550000,,40.65,0.00015440673,20.4,0,0,,,,,,
90,2026-03-28 09:45:47.455,134192097474550000,,31.125,0.00012393799,37.1,0,0,,,,,,
91,2026-03-28 09:45:48.855,134192097488550000,,,,,0,0,421294.0,0.002371,-30.1,,,
92,2026-03-28 09:45:50.455,134192097504550000,,31.25,0.00012945557,37.1,0,0,,,,,,
93,2026-03-28 09:45:55.455,134192097554550000,,40.4,0.00017749023,21.6,0,0,,,,,,
94,2026-03-28 09:46:13.455,134192097734550000,,35.05,0.00011764404,21.6,0,0,,,,,,
95,2026-03-28 09:46:15.455,134192097754550000,,30.25,0.00014321595,26.0,0,0,,,,,,
96,2026-03-28 09:46:29.955,134192097899550000,,29.6875,0.0001217041,26.0,0,0,,,,,,
97,2026-03-28 09:46:30.955,134192097909550000,,45.25,0.00015460205,43.7,0,0,,,,,,
98,2026-03-28 09:46:32.455,134192097924550000,,50.0,0.00018604736,43.7,0,0,,,,,,
99,2026-03-28 09:46:34.575,134192097945750000,,35.04348,0.00013444529,9.8,0,0,,,,,,
100,2026-03-28 09:46:35.455,134192097954550000,,34.393784,0.0001322554,10.1,0,0,,,,,,
101,2026-03-28 09:46:48.855,134192098088550000,,,,,0,0,421354.0,0.002374,-31.3,,,
102,2026-03-28 09:47:22.705,134192098427050000,,35.73057,0.00013949917,10.1,0,0,,,,,,
103,2026-03-28 09:47:48.855,134192098688550000,,,,,0,0,421414.0,0.002376,-32.3,,,
104,2026-03-28 09:48:15.825,134192098958250000,,35.940887,0.00014288793,9.9,0,0,,,,,,
105,2026-03-28 09:48:17.825,134192098978250000,,35.83575,0.0001429211,9.8,0,0,,,,,,
106,2026-03-28 09:48:18.075,134192098980750000,,108.0,0.00069257815,66.8,0,0,,,,,,
107,2026-03-28 09:48:18.205,134192098982050000,,108.0,0.00069257815,66.8,0,0,,,,,,
108,2026-03-28 09:48:18.575,134192098985750000,,37.657536,0.00014464228,11.3,0,0,,,,,,
109,2026-03-28 09:48:48.855,134192099288550000,,,,,0,0,421474.0,0.002379,-33.3,,,
110,2026-03-28 09:49:30.455,134192099704550000,,36.0137,0.00014797597,11.3,0,0,,,,,,
111,2026-03-28 09:49:32.455,134192099724550000,,26.0,4.4921875e-05,77.6,0,0,,,,,,
112,2026-03-28 09:49:33.455,134192099734550000,,26.75,5.1354982e-05,77.6,0,0,,,,,,
113,2026-03-28 09:49:36.455,134192099764550000,,39.05,0.00017205566,21.9,0,0,,,,,,
114,2026-03-28 09:49:48.855,134192099888550000,,,,,0,0,421534.0,0.002381,-34.1,,,
115,2026-03-28 09:49:54.455,134192099944550000,,33.2,0.00010488037,21.9,0,0,,,,,,
116,2026-03-28 09:49:56.455,134192099964550000,,24.0,7.9541016e-05,63.7,0,0,,,,,,
117,2026-03-28 09:49:57.455,134192099974550000,,23.75,7.7612305e-05,63.7,0,0,,,,,,
118,2026-03-28 09:50:00.455,134192100004550000,,37.53846,0.00017443097,17.8,0,0,,,,,,
119,2026-03-28 09:50:23.455,134192100234550000,,39.384617,0.00017052284,17.8,0,0,,,,,,
120,2026-03-28 09:50:27.455,134192100274550000,,31.4,0.00011787695,20.4,0,0,,,,,,
121,2026-03-28 09:50:48.855,134192100488550000,,,,,0,0,421594.0,0.002384,-34.7,,,
122,2026-03-28 09:50:50.205,134192100502050000,,35.88,0.00014880273,20.4,0,0,,,,,,
123,2026-03-28 09:50:50.705,134192100507050000,,144.0,0.00055761717,66.4,0,0,,,,,,
124,2026-03-28 09:50:50.955,134192100509550000,,87.0,0.00030117188,66.4,0,0,,,,,,
125,2026-03-28 09:50:52.205,134192100522050000,,20.0,4.7233072e-05,99.0,0,0,,,,,,
126,2026-03-28 09:50:53.455,134192100534550000,,43.0,0.00014453125,99.0,0,0,,,,,,
127,2026-03-28 09:50:54.205,134192100542050000,,14.0,1.0546875e-05,99.0,0,0,,,,,,
128,2026-03-28 09:50:54.705,134192100547050000,,238.0,0.00061884767,63.8,0,0,,,,,,
129,2026-03-28 09:50:55.205,134192100552050000,,76.0,0.0003743164,84.9,0,0,,,,,,
130,2026-03-28 09:50:55.575,134192100555750000,,33.736843,0.00012679122,26.8,0,0,,,,,,
131,2026-03-28 09:51:14.205,134192100742050000,,30.578947,7.6989105e-05,26.8,0,0,,,,,,
132,2026-03-28 09:51:14.705,134192100747050000,,52.25,0.00023454589,41.1,0,0,,,,,,
133,2026-03-28 09:51:18.205,134192100782050000,,38.5,0.00020646973,41.1,0,0,,,,,,
134,2026-03-28 09:51:18.705,134192100787050000,,34.57143,0.00017439314,27.2,0,0,,,,,,
135,2026-03-28 09:51:31.955,134192100919550000,,29.142857,9.1479495e-05,27.2,0,0,,,,,,
136,2026-03-28 09:51:32.955,134192100929550000,,50.25,0.00022272949,40.8,0,0,,,,,,
137,2026-03-28 09:51:34.455,134192100944550000,,51.25,0.00022250977,40.8,0,0,,,,,,
138,2026-03-28 09:51:36.955,134192100969550000,,39.76,0.00017196484,27.4,0,0,,,,,,
139,2026-03-28 09:51:48.835,134192101088350000,,35.36,0.00011292187,27.4,0,0,,,,,,
140,2026-03-28 09:51:48.855,134192101088550000,,,,,0,0,421654.0,0.002386,-35.7,,,
141,2026-03-28 09:51:49.075,134192101090750000,,68.0,0.00040898437,84.5,0,0,,,,,,
142,2026-03-28 09:51:49.205,134192101092050000,,68.0,0.00040898437,84.5,0,0,,,,,,
143,2026-03-28 09:51:49.575,134192101095750000,,30.285715,9.394531e-05,60.8,0,0,,,,,,
144,2026-03-28 09:51:52.825,134192101128250000,,40.857143,0.00012554409,60.8,0,0,,,,,,
145,2026-03-28 09:51:53.075,134192101130750000,,12.0,2.7441407e-05,99.0,0,0,,,,,,
146,2026-03-28 09:51:53.455,134192101134550000,,18.0,6.0888673e-05,99.0,0,0,,,,,,
147,2026-03-28 09:51:54.205,134192101142050000,,36.98969,0.00014014175,9.7,0,0,,,,,,
148,2026-03-28 09:52:42.455,134192101624550000,,38.814434,0.00014919408,9.7,0,0,,,,,,
149,2026-03-28 09:52:48.855,134192101688550000,,,,,0,0,421714.0,0.002388,-37.0,,,
150,2026-03-28 09:53:31.705,134192102117050000,,40.17347,0.00015627939,9.7,0,0,,,,,,
151,2026-03-28 09:53:32.205,134192102122050000,,44.75,0.00018615316,27.0,0,0,,,,,,
152,2026-03-28 09:53:43.455,134192102234550000,,35.916668,0.00013145345,27.0,0,0,,,,,,
153,2026-03-28 09:53:44.455,134192102244550000,,26.0,7.185058e-05,59.0,0,0,,,,,,
154,2026-03-28 09:53:45.955,134192102259550000,,28.5,8.66333e-05,59.0,0,0,,,,,,
155,2026-03-28 09:53:48.455,134192102284550000,,40.85294,0.00016555464,15.4,0,0,,,,,,
156,2026-03-28 09:53:48.855,134192102288550000,,,,,0,0,421774.0,0.002391,-38.5,,,
157,2026-03-28 09:54:20.955,134192102609550000,,42.47059,0.00017747875,15.4,0,0,,,,,,
158,2026-03-28 09:54:22.955,134192102629550000,,34.85,0.00010825195,24.0,0,0,,,,,,
159,2026-03-28 09:54:40.955,134192102809550000,,35.45,0.00013122315,24.0,0,0,,,,,,
160,2026-03-28 09:54:42.955,134192102829550000,,44.375,0.00014146118,32.3,0,0,,,,,,
161,2026-03-28 09:54:45.955,134192102859550000,,48.625,0.00016739502,32.3,0,0,,,,,,
162,2026-03-28 09:54:48.855,134192102888550000,,,,,0,0,421834.0,0.002393,-40.2,,,
163,2026-03-28 09:54:50.955,134192102909550000,,31.87755,0.00010525351,14.9,0,0,,,,,,
164,2026-03-28 09:55:38.705,134192103387050000,,38.204082,0.00014200713,14.9,0,0,,,,,,
165,2026-03-28 09:55:39.205,134192103392050000,,28.428572,7.057059e-05,22.0,0,0,,,,,,
166,2026-03-28 09:55:48.855,134192103488550000,,,,,0,0,421894.0,0.002395,-41.7,,,
167,2026-03-28 09:56:06.705,134192103667050000,,31.25,0.000120811244,22.0,0,0,,,,,,
168,2026-03-28 09:56:07.205,134192103672050000,,8.0,1.8554688e-06,99.0,0,0,,,,,,
169,2026-03-28 09:56:07.455,134192103674550000,,13.0,1.9384766e-05,99.0,0,0,,,,,,
170,2026-03-28 09:56:08.205,134192103682050000,,25.875,5.426636e-05,42.5,0,0,,,,,,
171,2026-03-28 09:56:15.835,134192103758350000,,36.0,0.00013789673,42.5,0,0,,,,,,
172,2026-03-28 09:56:16.075,134192103760750000,,78.0,0.00039705078,46.2,0,0,,,,,,
173,2026-03-28 09:56:18.325,134192103783250000,,37.2,9.5429685e-05,46.2,0,0,,,,,,
174,2026-03-28 09:56:18.575,134192103785750000,,28.0,9.6191405e-05,94.1,0,0,,,,,,
175,2026-03-28 09:56:18.955,134192103789550000,,28.0,0.00017612305,94.1,0,0,,,,,,
176,2026-03-28 09:56:19.705,134192103797050000,,180.0,0.00064433593,62.7,0,0,,,,,,
177,2026-03-28 09:56:20.085,134192103800850000,,20.0,7.9101565e-06,99.0,0,0,,,,,,
178,2026-03-28 09:56:20.465,134192103804650000,,19.0,1.6845703e-05,99.0,0,0,,,,,,
179,2026-03-28 09:56:21.205,134192103812050000,,35.92857,0.00014081683,19.2,0,0,,,,,,
180,2026-03-28 09:56:46.955,134192104069550000,,36.07143,0.00012929339,19.2,0,0,,,,,,
181,2026-03-28 09:56:48.855,134192104088550000,,,,,0,0,421954.0,0.002397,-42.9,,,
182,2026-03-28 09:56:50.955,134192104109550000,,42.708332,0.0001427531,21.2,0,0,,,,,,
183,2026-03-28 09:57:10.955,134192104309550000,,34.208332,0.00010746053,21.2,0,0,,,,,,
184,2026-03-28 09:57:14.955,134192104349550000,,31.0,0.000113989256,40.3,0,0,,,,,,
185,2026-03-28 09:57:20.835,134192104408350000,,33.875,0.00014086915,40.3,0,0,,,,,,
186,2026-03-28 09:57:21.075,134192104410750000,,76.0,0.00038046876,89.4,0,0,,,,,,
187,2026-03-28 09:57:21.205,134192104412050000,,76.0,0.00038046876,89.4,0,0,,,,,,
188,2026-03-28 09:57:21.575,134192104415750000,,24.378378,7.641734e-05,27.7,0,0,,,,,,
189,2026-03-28 09:57:38.955,134192104589550000,,26.756756,9.370777e-05,27.7,0,0,,,,,,
190,2026-03-28 09:57:40.955,134192104609550000,,34.25,0.00013052368,36.2,0,0,,,,,,
191,2026-03-28 09:57:47.705,134192104677050000,,34.625,0.000137854,36.2,0,0,,,,,,
192,2026-03-28 09:57:48.205,134192104682050000,,61.0,0.00020603028,63.0,0,0,,,,,,
193,2026-03-28 09:57:48.855,134192104688550000,,,,,0,0,422014.0,0.002399,-43.8,,,
194,2026-03-28 09:57:48.955,134192104689550000,,58.5,0.00018466797,63.0,0,0,,,,,,
195,2026-03-28 09:57:50.205,134192104702050000,,31.1,0.00014264649,30.9,0,0,,,,,,
196,2026-03-28 09:57:54.955,134192104749550000,,32.5,0.00015197265,30.9,0,0,,,,,,
197,2026-03-28 09:58:01.955,134192104819550000,,26.554113,8.365632e-05,12.2,0,0,,,,,,
198,2026-03-28 09:58:48.855,134192105288550000,,,,,0,0,422074.0,0.002401,-44.6,,,
199,2026-03-28 09:58:57.705,134192105377050000,,24.675325,7.799014e-05,12.2,0,0,,,,,,
200,2026-03-28 09:59:48.855,134192105888550000,,,,,0,0,422134.0,0.002402,-45.3,,,
201,2026-03-28 10:00:00.955,134192106009550000,,22.353909,7.2125775e-05,11.9,0,0,,,,,,
202,2026-03-28 10:00:01.955,134192106019550000,,39.0,0.00018696289,69.5,0,0,,,,,,
203,2026-03-28 10:00:02.455,134192106024550000,,35.5,0.00015075684,69.5,0,0,,,,,,
204,2026-03-28 10:00:03.955,134192106039550000,,24.125,9.226685e-05,44.5,0,0,,,,,,
205,2026-03-28 10:00:11.325,134192106113250000,,16.25,6.991577e-05,44.5,0,0,,,,,,
206,2026-03-28 10:00:11.575,134192106115750000,,6.0,4.6289064e-05,99.0,0,0,,,,,,
207,2026-03-28 10:00:11.705,134192106117050000,,6.0,4.6289064e-05,99.0,0,0,,,,,,
208,2026-03-28 10:00:12.085,134192106120850000,,20.930233,6.1559775e-05,21.6,0,0,,,,,,
209,2026-03-28 10:00:48.855,134192106488550000,,,,,0,0,422194.0,0.002403,-45.7,,,
210,2026-03-28 10:00:53.955,134192106539550000,,19.139534,6.702285e-05,21.6,0,0,,,,,,
211,2026-03-28 10:00:55.955,134192106559550000,,10.25,1.4306641e-05,99.0,0,0,,,,,,
212,2026-03-28 10:00:56.955,134192106569550000,,10.5,1.6894532e-05,99.0,0,0,,,,,,
213,2026-03-28 10:01:00.955,134192106609550000,,28.75,7.446289e-05,61.3,0,0,,,,,,
214,2026-03-28 10:01:03.955,134192106639550000,,16.65,6.329834e-05,34.5,0,0,,,,,,
215,2026-03-28 10:01:20.955,134192106809550000,,14.3,4.9370115e-05,34.5,0,0,,,,,,
216,2026-03-28 10:01:24.955,134192106849550000,,21.125,7.0349124e-05,48.2,0,0,,,,,,
217,2026-03-28 10:01:26.955,134192106869550000,,21.25,7.025757e-05,48.2,0,0,,,,,,
218,2026-03-28 10:01:32.955,134192106929550000,,14.964286,4.3923515e-05,21.9,0,0,,,,,,
219,2026-03-28 10:01:48.855,134192107088550000,,,,,0,0,422254.0,0.002404,-45.5,,,
220,2026-03-28 10:02:24.955,134192107449550000,,15.035714,5.4887172e-05,21.9,0,0,,,,,,
221,2026-03-28 10:02:28.955,134192107489550000,,10.0,3.8638307e-05,46.4,0,0,,,,,,
222,2026-03-28 10:02:42.455,134192107624550000,,11.875,4.234009e-05,46.4,0,0,,,,,,
223,2026-03-28 10:02:43.455,134192107634550000,,16.5,5.805664e-05,99.0,0,0,,,,,,
224,2026-03-28 10:02:43.955,134192107639550000,,19.0,7.1801755e-05,99.0,0,0,,,,,,
225,2026-03-28 10:02:45.455,134192107654550000,,8.0,2.7453614e-05,76.2,0,0,,,,,,
226,2026-03-28 10:02:46.955,134192107669550000,,9.0,3.0200195e-05,76.2,0,0,,,,,,
227,2026-03-28 10:02:48.855,134192107688550000,,,,,0,0,422314.0,0.002405,-44.8,,,
228,2026-03-28 10:02:49.955,134192107699550000,,28.5,7.282715e-05,85.7,0,0,,,,,,
229,2026-03-28 10:02:51.455,134192107714550000,,10.28,2.7100097e-05,21.1,0,0,,,,,,
230,2026-03-28 10:03:40.955,134192108209550000,,9.67,2.8452636e-05,21.1,0,0,,,,,,
231,2026-03-28 10:03:48.855,134192108288550000,,,,,0,0,422374.0,0.002405,-43.6,,,
232,2026-03-28 10:04:48.855,134192108888550000,,,,,0,0,422434.0,0.002406,-42.1,,,
233,2026-03-28 10:05:20.955,134192109209550000,,7.27,2.560791e-05,22.3,0,0,,,,,,
234,2026-03-28 10:05:48.855,134192109488550000,,,,,0,0,422494.0,0.002406,-40.2,,,
235,2026-03-28 10:06:16.955,134192109769550000,,3.6666667,1.18815105e-05,86.8,0,0,,,,,,
236,2026-03-28 10:06:21.955,134192109819550000,,2.0833333,4.3619793e-06,86.8,0,0,,,,,,
237,2026-03-28 10:06:23.955,134192109839550000,,9.714286,3.682338e-05,87.1,0,0,,,,,,
238,2026-03-28 10:06:29.705,134192109897050000,,0.14285715,1.6113281e-06,87.1,0,0,,,,,,
239,2026-03-28 10:06:30.205,134192109902050000,,58.0,0.00018984375,99.0,0,0,,,,,,
240,2026-03-28 10:06:30.455,134192109904550000,,32.0,9.570312e-05,99.0,0,0,,,,,,
241,2026-03-28 10:06:31.205,134192109912050000,,4.616162,1.7073568e-05,33.2,0,0,,,,,,
242,2026-03-28 10:06:48.855,134192110088550000,,,,,0,0,422554.0,0.002407,-37.9,,,
243,2026-03-28 10:07:20.455,134192110404550000,,3.909091,1.2688901e-05,33.2,0,0,,,,,,
244,2026-03-28 10:07:48.855,134192110688550000,,,,,0,0,422614.0,0.002407,-35.3,,,
245,2026-03-28 10:08:48.855,134192111288550000,,,,,0,0,422674.0,0.002407,-32.3,,,
246,2026-03-28 10:08:57.955,134192111379550000,,2.625,8.084615e-06,41.1,0,0,,,,,,
247,2026-03-28 10:09:48.855,134192111888550000,,,,,0,0,422734.0,0.002407,-29.2,,,
248,2026-03-28 10:10:33.955,134192112339550000,,1.84375,7.386271e-06,43.6,0,0,,,,,,
249,2026-03-28 10:10:48.855,134192112488550000,,,,,0,0,422794.0,0.002408,-26.2,,,
250,2026-03-28 10:11:48.855,134192113088550000,,,,,0,0,422854.0,0.002408,-22.9,,,
251,2026-03-28 10:12:09.955,134192113299550000,,1.4166666,5.8563232e-06,49.8,0,0,,,,,,
252,2026-03-28 10:12:48.855,134192113688550000,,,,,0,0,422914.0,0.002408,-19.5,,,
253,2026-03-28 10:13:45.955,134192114259550000,,0.8541667,3.515625e-06,59.7,0,0,,,,,,
254,2026-03-28 10:13:48.855,134192114288550000,,,,,0,0,422974.0,0.002408,-16.0,,,
255,2026-03-28 10:14:48.855,134192114888550000,,,,,0,0,423034.0,0.002408,-12.6,,,
256,2026-03-28 10:15:21.955,134192115219550000,,0.9895833,4.5227052e-06,54.6,0,0,,,,,,
257,2026-03-28 10:15:48.855,134192115488550000,,,,,0,0,423094.0,0.002408,-9.3,,,
258,2026-03-28 10:16:48.855,134192116088550000,,,,,0,0,423154.0,0.002408,-6.1,,,
259,2026-03-28 10:16:57.955,134192116179550000,,1.09375,2.1799724e-06,73.3,0,0,,,,,,
260,2026-03-28 10:17:48.855,134192116688550000,,,,,0,0,423214.0,0.002408,-2.6,,,
261,2026-03-28 10:18:09.955,134192116899550000,,1.6875,1.1149089e-06,73.9,0,0,,,,,,
262,2026-03-28 10:18:29.955,134192117099550000,,2.1041667,1.6937256e-06,73.9,0,0,,,,,,
263,2026-03-28 10:18:37.955,134192117179550000,,5.5277777,8.879598e-06,23.1,0,0,,,,,,
264,2026-03-28 10:18:48.855,134192117288550000,,,,,0,0,423274.0,0.002408,0.8,,,
265,2026-03-28 10:19:45.955,134192117859550000,,6.3194447,8.205159e-06,23.1,0,0,,,,,,
266,2026-03-28 10:19:48.855,134192117888550000,,,,,0,0,423334.0,0.002408,3.9,,,
267,2026-03-28 10:20:48.855,134192118488550000,,,,,0,0,423394.0,0.002409,6.8,,,
268,2026-03-28 10:21:45.955,134192119059550000,,6.40625,7.64211e-06,28.5,0,0,,,,,,
269,2026-03-28 10:21:48.855,134192119088550000,,,,,0,0,423454.0,0.002409,9.4,,,
270,2026-03-28 10:22:48.855,134192119688550000,,,,,0,0,423514.0,0.002409,11.7,,,
271,2026-03-28 10:23:21.955,134192120019550000,,6.5416665,8.914693e-06,29.1,0,0,,,,,,
272,2026-03-28 10:23:48.855,134192120288550000,,,,,0,0,423574.0,0.002409,13.6,,,
273,2026-03-28 10:24:48.855,134192120888550000,,,,,0,0,423634.0,0.002409,15.3,,,
274,2026-03-28 10:24:57.955,134192120979550000,,6.5104165,8.898417e-06,29.5,0,0,,,,,,
275,2026-03-28 10:25:48.855,134192121488550000,,,,,0,0,423694.0,0.002409,16.8,,,
276,2026-03-28 10:26:33.955,134192121939550000,,6.59375,7.6039632e-06,32.4,0,0,,,,,,
277,2026-03-28 10:26:48.855,134192122088550000,,,,,0,0,423754.0,0.002409,18.0,,,
278,2026-03-28 10:27:48.855,134192122688550000,,,,,0,0,423814.0,0.00241,19.1,,,
279,2026-03-28 10:28:09.955,134192122899550000,,6.6145835,8.010864e-06,32.0,0,0,,,,,,
280,2026-03-28 10:28:48.855,134192123288550000,,,,,0,0,423874.0,0.00241,20.3,,,
281,2026-03-28 10:29:45.955,134192123859550000,,6.5104165,8.873494e-06,30.0,0,0,,,,,,
282,2026-03-28 10:29:48.855,134192123888550000,,,,,0,0,423934.0,0.00241,21.3,,,
283,2026-03-28 10:30:48.855,134192124488550000,,,,,0,0,423994.0,0.00241,22.2,,,
284,2026-03-28 10:31:21.955,134192124819550000,,6.2604165,7.070414e-06,32.6,0,0,,,,,,
285,2026-03-28 10:31:48.855,134192125088550000,,,,,0,0,424054.0,0.00241,23.0,,,
286,2026-03-28 10:32:48.855,134192125688550000,,,,,0,0,424114.0,0.00241,23.7,,,
287,2026-03-28 10:32:57.955,134192125779550000,,6.8645835,1.0711161e-05,26.9,0,0,,,,,,
288,2026-03-28 10:33:48.855,134192126288550000,,,,,0,0,424174.0,0.00241,24.3,,,
289,2026-03-28 10:34:33.955,134192126739550000,,7.1354165,1.0194397e-05,28.5,0,0,,,,,,
290,2026-03-28 10:34:48.855,134192126888550000,,,,,0,0,424234.0,0.00241,24.8,,,
291,2026-03-28 10:35:48.855,134192127488550000,,,,,0,0,424294.0,0.002411,25.3,,,
292,2026-03-28 10:36:09.955,134192127699550000,,6.8958335,9.075419e-06,29.3,0,0,,,,,,
293,2026-03-28 10:36:48.855,134192128088550000,,,,,0,0,424354.0,0.002411,25.8,,,
294,2026-03-28 10:37:45.955,134192128659550000,,6.7708335,7.1070353e-06,27.9,0,0,,,,,,
295,2026-03-28 10:37:48.855,134192128688550000,,,,,0,0,424414.0,0.002411,26.3,,,
296,2026-03-28 10:38:48.855,134192129288550000,,,,,0,0,424474.0,0.002411,26.7,,,
297,2026-03-28 10:39:21.955,134192129619550000,,6.3333335,8.886719e-06,27.6,0,0,,,,,,
298,2026-03-28 10:39:48.855,134192129888550000,,,,,0,0,424534.0,0.002411,27.0,,,
299,2026-03-28 10:40:48.855,134192130488550000,,,,,0,0,424594.0,0.002411,27.3,,,
300,2026-03-28 10:40:57.955,134192130579550000,,6.3541665,7.5861612e-06,31.1,0,0,,,,,,
301,2026-03-28 10:41:48.855,134192131088550000,,,,,0,0,424654.0,0.002412,27.6,,,
302,2026-03-28 10:42:33.955,134192131539550000,,6.3541665,6.7082724e-06,28.3,0,0,,,,,,
303,2026-03-28 10:42:48.855,134192131688550000,,,,,0,0,424714.0,0.002412,27.8,,,
304,2026-03-28 10:43:48.855,134192132288550000,,,,,0,0,424774.0,0.002412,28.0,,,
305,2026-03-28 10:44:09.955,134192132499550000,,6.90625,8.740743e-06,27.8,0,0,,,,,,
306,2026-03-28 10:44:48.855,134192132888550000,,,,,0,0,424834.0,0.002412,28.2,,,
307,2026-03-28 10:45:45.955,134192133459550000,,6.4583335,8.268229e-06,27.5,0,0,,,,,,
308,2026-03-28 10:45:48.855,134192133488550000,,,,,0,0,424894.0,0.002412,28.4,,,
309,2026-03-28 10:46:48.855,134192134088550000,,,,,0,0,424954.0,0.002412,28.6,,,
310,2026-03-28 10:47:21.955,134192134419550000,,6.7291665,8.022563e-06,30.0,0,0,,,,,,
311,2026-03-28 10:47:48.855,134192134688550000,,,,,0,0,425014.0,0.002412,28.8,,,
312,2026-03-28 10:48:48.855,134192135288550000,,,,,0,0,425074.0,0.002412,29.1,,,
313,2026-03-28 10:48:57.955,134192135379550000,,6.5625,9.293111e-06,28.0,0,0,,,,,,
314,2026-03-28 10:49:48.855,134192135888550000,,,,,0,0,425134.0,0.002413,29.3,,,
315,2026-03-28 10:50:33.955,134192136339550000,,6.5208335,7.58667e-06,28.3,0,0,,,,,,
316,2026-03-28 10:50:48.855,134192136488550000,,,,,0,0,425194.0,0.002413,29.4,,,
317,2026-03-28 10:52:09.955,134192137299550000,,6.4479165,7.969666e-06,26.7,0,0,,,,,,
318,2026-03-28 10:52:48.855,134192137688550000,,,,,0,0,425314.0,0.002413,29.5,,,
319,2026-03-28 10:53:45.955,134192138259550000,,6.4270835,6.8440754e-06,30.7,0,0,,,,,,
320,2026-03-28 10:53:48.855,134192138288550000,,,,,0,0,425374.0,0.002413,29.7,,,
321,2026-03-28 10:54:48.855,134192138888550000,,,,,0,0,425434.0,0.002413,29.8,,,
322,2026-03-28 10:55:21.955,134192139219550000,,6.9270835,6.5048216e-06,25.3,0,0,,,,,,
323,2026-03-28 10:55:48.855,134192139488550000,,,,,0,0,425494.0,0.002413,29.9,,,
324,2026-03-28 10:56:48.855,134192140088550000,,,,,0,0,425554.0,0.002414,30.0,,,
325,2026-03-28 10:56:57.955,134192140179550000,,6.9270835,9.99705e-06,28.8,0,0,,,,,,
326,2026-03-28 10:57:48.855,134192140688550000,,,,,0,0,425614.0,0.002414,30.2,,,
327,2026-03-28 10:58:33.955,134192141139550000,,6.7604165,1.1461385e-05,26.2,0,0,,,,,,
328,2026-03-28 10:59:48.855,134192141888550000,,,,,0,0,425734.0,0.002414,30.4,,,
329,2026-03-28 11:00:09.955,134192142099550000,,6.3645835,7.0063275e-06,30.6,0,0,,,,,,
330,2026-03-28 11:00:48.855,134192142488550000,,,,,0,0,425794.0,0.002414,30.5,,,
331,2026-03-28 11:01:45.955,134192143059550000,,6.0625,6.6212974e-06,30.9,0,0,,,,,,
332,2026-03-28 11:01:48.855,134192143088550000,,,,,0,0,425854.0,0.002414,30.7,,,
333,2026-03-28 11:02:48.855,134192143688550000,,,,,0,0,425914.0,0.002414,30.9,,,
334,2026-03-28 11:03:21.955,134192144019550000,,6.3229165,9.5662435e-06,28.2,0,0,,,,,,
335,2026-03-28 11:03:48.855,134192144288550000,,,,,0,0,425974.0,0.002415,31.0,,,
336,2026-03-28 11:04:48.855,134192144888550000,,,,,0,0,426034.0,0.002415,31.2,,,
337,2026-03-28 11:04:57.955,134192144979550000,,6.5208335,7.691956e-06,31.1,0,0,,,,,,
338,2026-03-28 11:05:48.855,134192145488550000,,,,,0,0,426094.0,0.002415,31.3,,,
339,2026-03-28 11:06:33.955,134192145939550000,,6.375,8.451843e-06,30.7,0,0,,,,,,
340,2026-03-28 11:07:48.855,134192146688550000,,,,,0,0,426214.0,0.002415,31.4,,,
341,2026-03-28 11:08:09.955,134192146899550000,,7.09375,1.063029e-05,27.2,0,0,,,,,,
342,2026-03-28 11:09:45.955,134192147859550000,,6.4479165,6.8415325e-06,28.8,0,0,,,,,,
343,2026-03-28 11:11:21.955,134192148819550000,,6.78125,8.521017e-06,28.9,0,0,,,,,,
344,2026-03-28 11:12:48.855,134192149688550000,,,,,0,0,426514.0,0.002416,31.5,,,
345,2026-03-28 11:12:57.955,134192149779550000,,6.9895835,8.868408e-06,29.1,0,0,,,,,,
346,2026-03-28 11:14:25.955,134192150659550000,,6.7375,8.443603e-06,30.4,0,0,,,,,,
347,2026-03-28 11:14:48.855,134192150888550000,,,,,0,0,426634.0,0.002416,31.7,,,
348,2026-03-28 11:15:01.955,134192151019550000,,6.3,8.05481e-06,30.4,0,0,,,,,,
349,2026-03-28 11:15:09.955,134192151099550000,,3.484375,5.1174165e-06,32.4,0,0,,,,,,
350,2026-03-28 11:15:48.855,134192151488550000,,,,,0,0,426694.0,0.002416,31.9,,,
351,2026-03-28 11:16:09.955,134192151699550000,,3.5078125,5.5751802e-06,32.4,0,0,,,,,,
352,2026-03-28 11:16:48.855,134192152088550000,,,,,0,0,426754.0,0.002416,32.2,,,
353,2026-03-28 11:17:48.855,134192152688550000,,,,,0,0,426814.0,0.002416,32.3,,,
354,2026-03-28 11:18:01.955,134192152819550000,,3.6666667,5.8980304e-06,35.7,0,0,,,,,,
355,2026-03-28 11:18:48.855,134192153288550000,,,,,0,0,426874.0,0.002416,32.5,,,
356,2026-03-28 11:19:37.955,134192153779550000,,3.78125,5.0765993e-06,37.6,0,0,,,,,,
357,2026-03-28 11:19:48.855,134192153888550000,,,,,0,0,426934.0,0.002417,32.7,,,
358,2026-03-28 11:20:48.855,134192154488550000,,,,,0,0,426994.0,0.002417,32.8,,,
359,2026-03-28 11:21:13.955,134192154739550000,,3.6666667,5.8181763e-06,35.0,0,0,,,,,,
360,2026-03-28 11:21:48.855,134192155088550000,,,,,0,0,427054.0,0.002417,32.9,,,
361,2026-03-28 11:22:49.955,134192155699550000,,4.3020835,7.600403e-06,34.1,0,0,,,,,,
362,2026-03-28 11:24:25.955,134192156659550000,,5.1458335,5.858358e-06,30.5,0,0,,,,,,
363,2026-03-28 11:25:48.855,134192157488550000,,,,,0,0,427294.0,0.002417,32.8,,,
364,2026-03-28 11:26:01.955,134192157619550000,,5.34375,8.471171e-06,29.9,0,0,,,,,,
365,2026-03-28 11:26:48.855,134192158088550000,,,,,0,0,427354.0,0.002417,32.6,,,
366,2026-03-28 11:27:37.955,134192158579550000,,4.8541665,5.9656777e-06,33.1,0,0,,,,,,
367,2026-03-28 11:27:48.855,134192158688550000,,,,,0,0,427414.0,0.002417,32.5,,,
368,2026-03-28 11:28:48.855,134192159288550000,,,,,0,0,427474.0,0.002418,32.4,,,
369,2026-03-28 11:29:13.955,134192159539550000,,4.8645835,6.858317e-06,29.5,0,0,,,,,,
370,2026-03-28 11:30:49.955,134192160499550000,,4.8854165,6.950887e-06,32.3,0,0,,,,,,
371,2026-03-28 11:32:25.955,134192161459550000,,4.5833335,6.587728e-06,32.9,0,0,,,,,,
372,2026-03-28 11:34:01.955,134192162419550000,,6.9479165,7.393392e-06,29.1,0,0,,,,,,
373,2026-03-28 11:35:37.955,134192163379550000,,7.7083335,8.167521e-06,27.9,0,0,,,,,,
374,2026-03-28 11:35:48.855,134192163488550000,,,,,0,0,427894.0,0.002418,32.5,,,
375,2026-03-28 11:36:48.855,134192164088550000,,,,,0,0,427954.0,0.002418,32.7,,,
376,2026-03-28 11:37:13.955,134192164339550000,,7.75,8.407084e-06,27.4,0,0,,,,,,
377,2026-03-28 11:37:48.855,134192164688550000,,,,,0,0,428014.0,0.002419,32.9,,,
378,2026-03-28 11:38:48.855,134192165288550000,,,,,0,0,428074.0,0.002419,33.0,,,
379,2026-03-28 11:38:49.955,134192165299550000,,8.854167,1.2232971e-05,24.2,0,0,,,,,,
380,2026-03-28 11:40:25.955,134192166259550000,,8.46875,8.532206e-06,28.4,0,0,,,,,,
381,2026-03-28 11:41:48.855,134192167088550000,,,,,0,0,428254.0,0.002419,32.9,,,
382,2026-03-28 11:42:01.955,134192167219550000,,8.354167,1.0820007e-05,25.2,0,0,,,,,,
383,2026-03-28 11:43:37.955,134192168179550000,,9.03125,1.2025452e-05,24.7,0,0,,,,,,
384,2026-03-28 11:43:48.855,134192168288550000,,,,,0,0,428374.0,0.00242,32.8,,,
385,2026-03-28 11:45:13.955,134192169139550000,,8.34375,1.1610413e-05,25.5,0,0,,,,,,
386,2026-03-28 11:46:49.955,134192170099550000,,8.59375,1.2319946e-05,24.2,0,0,,,,,,
387,2026-03-28 11:48:25.955,134192171059550000,,7.5520835,7.944234e-06,27.6,0,0,,,,,,
388,2026-03-28 11:48:48.855,134192171288550000,,,,,0,0,428674.0,0.00242,32.6,,,
389,2026-03-28 11:50:01.955,134192172019550000,,7.7708335,9.28599e-06,27.8,0,0,,,,,,
390,2026-03-28 11:50:48.855,134192172488550000,,,,,0,0,428794.0,0.002421,32.5,,,
391,2026-03-28 11:51:37.955,134192172979550000,,7.8854165,8.298238e-06,26.8,0,0,,,,,,
392,2026-03-28 11:52:48.855,134192173688550000,,,,,0,0,428914.0,0.002421,32.4,,,
393,2026-03-28 11:53:13.955,134192173939550000,,8.333333,9.0876265e-06,26.1,0,0,,,,,,
394,2026-03-28 11:54:49.955,134192174899550000,,8.104167,9.806315e-06,25.5,0,0,,,,,,
395,2026-03-28 11:56:25.955,134192175859550000,,8.03125,1.12559e-05,25.5,0,0,,,,,,
396,2026-03-28 11:58:01.955,134192176819550000,,7.8020835,8.467102e-06,29.6,0,0,,,,,,
397,2026-03-28 11:59:37.955,134192177779550000,,8.114583,1.0025533e-05,26.8,0,0,,,,,,
398,2026-03-28 12:00:48.855,134192178488550000,,,,,0,0,429394.0,0.002422,32.5,,,
399,2026-03-28 12:01:13.955,134192178739550000,,6.8854165,1.1219279e-05,26.6,0,0,,,,,,
400,2026-03-28 12:02:49.955,134192179699550000,,8.489583,9.850057e-06,26.3,0,0,,,,,,
401,2026-03-28 12:03:48.855,134192180288550000,,,,,0,0,429574.0,0.002423,32.7,,,
402,2026-03-28 12:04:25.955,134192180659550000,,7.9479165,1.0379537e-05,26.7,0,0,,,,,,
403,2026-03-28 12:05:48.855,134192181488550000,,,,,0,0,429694.0,0.002423,32.8,,,
404,2026-03-28 12:06:01.955,134192181619550000,,5.5625,7.911682e-06,31.0,0,0,,,,,,
405,2026-03-28 12:07:37.955,134192182579550000,,4.3125,4.6630857e-06,32.8,0,0,,,,,,
406,2026-03-28 12:07:48.855,134192182688550000,,,,,0,0,429814.0,0.002424,32.9,,,
407,2026-03-28 12:09:13.955,134192183539550000,,4.4895835,5.245463e-06,38.0,0,0,,,,,,
408,2026-03-28 12:10:49.955,134192184499550000,,4.5833335,7.5897215e-06,35.4,0,0,,,,,,
409,2026-03-28 12:11:48.855,134192185088550000,,,,,0,0,430054.0,0.002424,32.8,,,
410,2026-03-28 12:12:25.955,134192185459550000,,4.3125,6.132507e-06,36.6,0,0,,,,,,
411,2026-03-28 12:12:48.855,134192185688550000,,,,,0,0,430114.0,0.002424,32.7,,,
412,2026-03-28 12:13:48.855,134192186288550000,,,,,0,0,430174.0,0.002424,32.5,,,
413,2026-03-28 12:14:01.955,134192186419550000,,4.3020835,5.588277e-06,37.6,0,0,,,,,,
414,2026-03-28 12:14:48.855,134192186888550000,,,,,0,0,430234.0,0.002424,32.3,,,
415,2026-03-28 12:15:37.955,134192187379550000,,4.4895835,4.378764e-06,38.0,0,0,,,,,,
416,2026-03-28 12:15:48.855,134192187488550000,,,,,0,0,430294.0,0.002424,32.1,,,
417,2026-03-28 12:16:48.855,134192188088550000,,,,,0,0,430354.0,0.002424,31.9,,,
418,2026-03-28 12:17:13.955,134192188339550000,,4.0833335,4.7470094e-06,37.6,0,0,,,,,,
419,2026-03-28 12:17:48.855,134192188688550000,,,,,0,0,430414.0,0.002425,31.7,,,
420,2026-03-28 12:18:48.855,134192189288550000,,,,,0,0,430474.0,0.002425,31.5,,,
421,2026-03-28 12:18:49.955,134192189299550000,,4.6875,4.4428507e-06,35.9,0,0,,,,,,
422,2026-03-28 12:19:48.855,134192189888550000,,,,,0,0,430534.0,0.002425,31.3,,,
423,2026-03-28 12:20:25.955,134192190259550000,,4.5729165,6.810506e-06,32.5,0,0,,,,,,
424,2026-03-28 12:20:48.855,134192190488550000,,,,,0,0,430594.0,0.002425,31.0,,,
425,2026-03-28 12:21:48.855,134192191088550000,,,,,0,0,430654.0,0.002425,30.8,,,
426,2026-03-28 12:22:01.955,134192191219550000,,4.2916665,4.385376e-06,34.5,0,0,,,,,,
427,2026-03-28 12:22:48.855,134192191688550000,,,,,0,0,430714.0,0.002425,30.5,,,
428,2026-03-28 12:23:37.955,134192192179550000,,4.125,4.377238e-06,37.5,0,0,,,,,,
429,2026-03-28 12:23:48.855,134192192288550000,,,,,0,0,430774.0,0.002425,30.3,,,
430,2026-03-28 12:24:48.855,134192192888550000,,,,,0,0,430834.0,0.002425,30.1,,,
431,2026-03-28 12:25:13.955,134192193139550000,,4.4270835,5.5389405e-06,38.5,0,0,,,,,,
432,2026-03-28 12:25:48.855,134192193488550000,,,,,0,0,430894.0,0.002425,29.9,,,
433,2026-03-28 12:26:48.855,134192194088550000,,,,,0,0,430954.0,0.002425,29.7,,,
434,2026-03-28 12:26:49.955,134192194099550000,,3.8958333,3.960673e-06,38.5,0,0,,,,,,
435,2026-03-28 12:27:48.855,134192194688550000,,,,,0,0,431014.0,0.002425,29.5,,,
436,2026-03-28 12:28:25.955,134192195059550000,,3.8854167,5.068461e-06,40.6,0,0,,,,,,
437,2026-03-28 12:28:48.855,134192195288550000,,,,,0,0,431074.0,0.002425,29.3,,,
438,2026-03-28 12:29:48.855,134192195888550000,,,,,0,0,431134.0,0.002426,29.2,,,
439,2026-03-28 12:30:01.955,134192196019550000,,3.65625,4.9601235e-06,38.0,0,0,,,,,,
440,2026-03-28 12:30:48.855,134192196488550000,,,,,0,0,431194.0,0.002426,29.0,,,
441,2026-03-28 12:31:37.955,134192196979550000,,4.3854165,4.800415e-06,39.3,0,0,,,,,,
442,2026-03-28 12:31:48.855,134192197088550000,,,,,0,0,431254.0,0.002426,28.9,,,
443,2026-03-28 12:32:48.855,134192197688550000,,,,,0,0,431314.0,0.002426,28.8,,,
444,2026-03-28 12:33:13.955,134192197939550000,,4.40625,5.6777953e-06,37.3,0,0,,,,,,
445,2026-03-28 12:34:48.855,134192198888550000,,,,,0,0,431434.0,0.002426,28.6,,,
446,2026-03-28 12:34:49.955,134192198899550000,,3.7916667,4.9540204e-06,41.6,0,0,,,,,,
447,2026-03-28 12:36:25.955,134192199859550000,,4.6979165,5.974833e-06,38.3,0,0,,,,,,
448,2026-03-28 12:36:48.855,134192200088550000,,,,,0,0,431554.0,0.002426,28.5,,,
449,2026-03-28 12:38:01.955,134192200819550000,,4.5520835,6.68691e-06,29.7,0,0,,,,,,
450,2026-03-28 12:38:48.855,134192201288550000,,,,,0,0,431674.0,0.002426,28.3,,,
451,2026-03-28 12:39:37.955,134192201779550000,,4.0104165,6.534831e-06,35.7,0,0,,,,,,
452,2026-03-28 12:39:48.855,134192201888550000,,,,,0,0,431734.0,0.002426,28.2,,,
453,2026-03-28 12:41:13.955,134192202739550000,,3.7083333,7.056681e-06,33.9,0,0,,,,,,
454,2026-03-28 12:41:48.855,134192203088550000,,,,,0,0,431854.0,0.002427,28.0,,,
455,2026-03-28 12:42:49.955,134192203699550000,,4.0416665,5.649821e-06,37.5,0,0,,,,,,
456,2026-03-28 12:44:25.955,134192204659550000,,4.0416665,6.3812254e-06,35.6,0,0,,,,,,
457,2026-03-28 12:45:48.855,134192205488550000,,,,,0,0,432094.0,0.002427,28.2,,,
458,2026-03-28 12:46:01.955,134192205619550000,,4.4895835,4.727173e-06,36.1,0,0,,,,,,
459,2026-03-28 12:46:48.855,134192206088550000,,,,,0,0,432154.0,0.002427,28.3,,,
460,2026-03-28 12:47:37.955,134192206579550000,,4.1875,6.7092897e-06,34.1,0,0,,,,,,
461,2026-03-28 12:47:48.855,134192206688550000,,,,,0,0,432214.0,0.002427,28.4,,,
462,2026-03-28 12:48:48.855,134192207288550000,,,,,0,0,432274.0,0.002427,28.5,,,
463,2026-03-28 12:49:13.955,134192207539550000,,3.9270833,6.2520344e-06,34.7,0,0,,,,,,
464,2026-03-28 12:49:48.855,134192207888550000,,,,,0,0,432334.0,0.002427,28.7,,,
465,2026-03-28 12:50:48.855,134192208488550000,,,,,0,0,432394.0,0.002428,28.8,,,
466,2026-03-28 12:50:49.955,134192208499550000,,4.4166665,5.3278604e-06,34.9,0,0,,,,,,
467,2026-03-28 12:51:48.855,134192209088550000,,,,,0,0,432454.0,0.002428,29.0,,,
468,2026-03-28 12:52:25.955,134192209459550000,,3.9895833,6.6507973e-06,33.5,0,0,,,,,,
469,2026-03-28 12:52:48.855,134192209688550000,,,,,0,0,432514.0,0.002428,29.2,,,
470,2026-03-28 12:53:48.855,134192210288550000,,,,,0,0,432574.0,0.002428,29.4,,,
471,2026-03-28 12:54:01.955,134192210419550000,,4.3020835,6.6945395e-06,34.9,0,0,,,,,,
472,2026-03-28 12:54:48.855,134192210888550000,,,,,0,0,432634.0,0.002428,29.6,,,
473,2026-03-28 12:55:37.955,134192211379550000,,4.4583335,6.5226236e-06,30.7,0,0,,,,,,
474,2026-03-28 12:55:48.855,134192211488550000,,,,,0,0,432694.0,0.002428,29.7,,,
475,2026-03-28 12:56:48.855,134192212088550000,,,,,0,0,432754.0,0.002428,29.9,,,
476,2026-03-28 12:57:13.955,134192212339550000,,4.09375,5.865987e-06,35.3,0,0,,,,,,
477,2026-03-28 12:57:48.855,134192212688550000,,,,,0,0,432814.0,0.002428,30.1,,,
478,2026-03-28 12:58:48.855,134192213288550000,,,,,0,0,432874.0,0.002428,30.3,,,
479,2026-03-28 12:58:49.955,134192213299550000,,3.90625,7.876079e-06,33.8,0,0,,,,,,
480,2026-03-28 12:59:48.855,134192213888550000,,,,,0,0,432934.0,0.002429,30.4,,,
