sep=;
Time;Timestamp;Event;Count Rate, cps;Dose rate, R/h;Dose Rate Error, %;Dose Rate Alarm;Dose Alarm;Duration of dose accumulation, sec.;Dose, R;Temperature;Latitude;Longitude;Comment
2026-03-24 06:02:41.342;134188057613420000;;25.225225;4.7965055E-5;9.9;0;0;;;;;;
2026-03-24 06:03:36.592;134188058165920000;;24.333334;4.576075E-5;9.9;0;0;;;;;;
2026-03-24 06:04:42.092;134188058820920000;;24.75;5.3283693E-5;24.6;0;0;;;;;;
2026-03-24 06:04:51.592;134188058915920000;;24.55;3.9746094E-5;24.6;0;0;;;;;;
2026-03-24 06:04:52.592;134188058925920000;;6.8;1.0281459E-5;23.5;0;0;;;;;;
2026-03-24 06:06:02.092;134188059620920000;;6.242857;8.246024E-6;23.5;0;0;;;;;;
2026-03-24 06:08:00.092;134188060800920000;;6.0833335;8.494568E-6;28.1;0;0;;;;;;
2026-03-24 06:09:36.092;134188061760920000;;5.7083335;9.108479E-6;27.2;0;0;;;;;;
2026-03-24 06:11:12.086;134188062720860000;;6.0520835;9.579976E-6;27.3;0;0;;;;;;
2026-03-24 06:12:48.084;134188063680840000;;6.46875;1.1001587E-5;25.1;0;0;;;;;;
2026-03-24 06:14:24.082;134188064640820000;;5.6770835;7.64974E-6;29.0;0;0;;;;;;
2026-03-24 06:16:00.070;134188065600700000;;6.4270835;1.1179098E-5;25.9;0;0;;;;;;
2026-03-24 06:17:36.053;134188066560530000;;6.1666665;7.250468E-6;31.2;0;0;;;;;;
2026-03-24 06:19:12.059;134188067520590000;;6.3645835;1.0354106E-5;26.9;0;0;;;;;;
2026-03-24 06:20:48.040;134188068480400000;;6.375;1.0470072E-5;28.3;0;0;;;;;;
2026-03-24 06:22:24.046;134188069440460000;;5.8125;1.0942078E-5;27.0;0;0;;;;;;
2026-03-24 06:22:52.433;134188069724330000;;;;;0;0;397830;0.0022;25.8;;;
2026-03-24 06:23:52.436;134188070324360000;;;;;0;0;397890;0.002201;25.9;;;
2026-03-24 06:24:00.033;134188070400330000;;5.8229165;7.69043E-6;29.8;0;0;;;;;;
2026-03-24 06:24:52.423;134188070924230000;;;;;0;0;397950;0.002201;26.1;;;
2026-03-24 06:25:36.021;134188071360210000;;5.9375;8.899943E-6;26.7;0;0;;;;;;
2026-03-24 06:25:52.423;134188071524230000;;;;;0;0;398010;0.002201;26.3;;;
2026-03-24 06:26:52.421;134188072124210000;;;;;0;0;398070;0.002201;26.4;;;
2026-03-24 06:27:12.005;134188072320050000;;5.7604165;7.5098674E-6;28.4;0;0;;;;;;
2026-03-24 06:28:48.004;134188073280040000;;6.0208335;7.695516E-6;25.2;0;0;;;;;;
2026-03-24 06:30:23.991;134188074239910000;;6.0833335;8.759562E-6;28.1;0;0;;;;;;
2026-03-24 06:31:52.391;134188075123910000;;;;;0;0;398370;0.002202;26.2;;;
2026-03-24 06:31:59.988;134188075199880000;;6.34375;9.6934E-6;27.4;0;0;;;;;;
2026-03-24 06:33:35.977;134188076159770000;;6.71875;1.268514E-5;26.1;0;0;;;;;;
2026-03-24 06:33:52.373;134188076323730000;;;;;0;0;398490;0.002202;26.1;;;
2026-03-24 06:35:11.978;134188077119780000;;6.0208335;9.442138E-6;26.5;0;0;;;;;;
2026-03-24 06:36:47.967;134188078079670000;;6.1770835;8.347066E-6;29.8;0;0;;;;;;
2026-03-24 06:36:52.378;134188078123780000;;;;;0;0;398670;0.002203;26.0;;;
2026-03-24 06:38:23.954;134188079039540000;;6.3020835;9.178161E-6;27.2;0;0;;;;;;
2026-03-24 06:39:52.354;134188079923540000;;;;;0;0;398850;0.002203;25.9;;;
2026-03-24 06:39:59.954;134188079999540000;;5.9583335;9.893291E-6;26.8;0;0;;;;;;
2026-03-24 06:41:35.942;134188080959420000;;5.7916665;8.000183E-6;28.9;0;0;;;;;;
2026-03-24 06:43:11.932;134188081919320000;;5.9375;1.0190328E-5;29.3;0;0;;;;;;
2026-03-24 06:44:47.923;134188082879230000;;5.71875;1.0233562E-5;30.0;0;0;;;;;;
2026-03-24 06:44:52.336;134188082923360000;;;;;0;0;399150;0.002204;25.8;;;
2026-03-24 06:46:23.917;134188083839170000;;6.4479165;9.3617755E-6;29.3;0;0;;;;;;
2026-03-24 06:47:59.908;134188084799080000;;6.1666665;7.870483E-6;29.8;0;0;;;;;;
2026-03-24 06:49:35.911;134188085759110000;;5.9375;8.006286E-6;27.5;0;0;;;;;;
2026-03-24 06:51:11.902;134188086719020000;;6.2395835;8.3979285E-6;25.9;0;0;;;;;;
2026-03-24 06:52:47.897;134188087678970000;;6.2916665;9.918722E-6;28.7;0;0;;;;;;
2026-03-24 06:52:52.303;134188087723030000;;;;;0;0;399630;0.002205;25.7;;;
2026-03-24 06:54:23.888;134188088638880000;;6.40625;8.648682E-6;25.0;0;0;;;;;;
2026-03-28 22:03:50.457;134192090304570000;;21.614584;9.46111E-5;12.4;0;0;;;;;;
2026-03-28 22:04:38.957;134192090789570000;;39.0;2.5498046E-4;78.0;0;0;;;;;;
2026-03-28 22:04:48.857;134192090888570000;;;;;0;0;420634;0.002349;-10.7;;;
2026-03-28 22:05:27.457;134192091274570000;;24.177084;9.628906E-5;12.1;0;0;;;;;;
2026-03-28 22:05:48.857;134192091488570000;;;;;0;0;420694;0.002351;-13.2;;;
2026-03-28 22:06:48.857;134192092088570000;;;;;0;0;420754;0.002353;-15.6;;;
2026-03-28 22:07:03.457;134192092234570000;;26.458334;1.0582072E-4;11.5;0;0;;;;;;
2026-03-28 22:07:48.857;134192092688570000;;;;;0;0;420814;0.002354;-17.9;;;
2026-03-28 22:08:15.457;134192092954570000;;29.296875;1.14697774E-4;7.6;0;0;;;;;;
2026-03-28 22:08:48.857;134192093288570000;;;;;0;0;420874;0.002356;-19.9;;;
2026-03-28 22:08:52.187;134192093321870000;The temperature is too low;;;;0;0;;;-20.0;;;
2026-03-28 22:09:27.457;134192093674570000;;30.401041;1.202296E-4;7.6;0;0;;;;;;
2026-03-28 22:09:48.857;134192093888570000;;;;;0;0;420934;0.002358;-21.7;;;
2026-03-28 22:10:48.857;134192094488570000;;;;;0;0;420994;0.00236;-23.4;;;
2026-03-28 22:11:48.857;134192095088570000;;;;;0;0;421054;0.002362;-24.9;;;
2026-03-28 22:11:51.457;134192095114570000;;33.322918;1.2264505E-4;10.7;0;0;;;;;;
2026-03-28 22:12:48.857;134192095688570000;;;;;0;0;421114;0.002364;-26.3;;;
2026-03-28 22:12:49.457;134192095694570000;;38.05;1.7932129E-4;19.6;0;0;;;;;;
2026-03-28 22:12:58.457;134192095784570000;;36.3;1.7162597E-4;19.6;0;0;;;;;;
2026-03-28 22:13:00.457;134192095804570000;;31.791666;1.2000122E-4;20.9;0;0;;;;;;
2026-03-28 22:13:22.457;134192096024570000;;32.291668;1.3623657E-4;20.9;0;0;;;;;;
2026-03-28 22:13:24.457;134192096044570000;;40.25;1.4848633E-4;47.1;0;0;;;;;;
2026-03-28 22:13:27.337;134192096073370000;;28.25;1.045044E-4;47.1;0;0;;;;;;
2026-03-28 22:13:27.575;134192096075750000;;122.0;1.9970704E-4;92.6;0;0;;;;;;
2026-03-28 22:13:27.705;134192096077050000;;122.0;1.9970704E-4;92.6;0;0;;;;;;
2026-03-28 22:13:28.075;134192096080750000;;56.0;2.810547E-4;99.0;0;0;;;;;;
2026-03-28 22:13:28.455;134192096084550000;;41.0;1.4599609E-4;99.0;0;0;;;;;;
2026-03-28 22:13:29.455;134192096094550000;;14.0;4.5996094E-5;99.0;0;0;;;;;;
2026-03-28 22:13:30.075;134192096100750000;;44.4;1.4324219E-4;60.4;0;0;;;;;;
2026-03-28 22:13:32.205;134192096122050000;;44.4;1.496875E-4;60.4;0;0;;;;;;
2026-03-28 22:13:32.705;134192096127050000;;24.0;5.218506E-5;57.0;0;0;;;;;;
2026-03-28 22:13:36.205;134192096162050000;;39.0;1.8652344E-4;57.0;0;0;;;;;;
2026-03-28 22:13:36.705;134192096167050000;;38.0;1.09960936E-4;86.9;0;0;;;;;;
2026-03-28 22:13:36.955;134192096169550000;;52.0;1.9873047E-4;86.9;0;0;;;;;;
2026-03-28 22:13:37.705;134192096177050000;;26.0;7.0898436E-6;67.0;0;0;;;;;;
2026-03-28 22:13:39.955;134192096199550000;;26.8;4.9248047E-5;67.0;0;0;;;;;;
2026-03-28 22:13:43.705;134192096237050000;;33.05;1.368037E-4;9.8;0;0;;;;;;
2026-03-28 22:13:48.857;134192096288570000;;;;;0;0;421174;0.002367;-27.6;;;
2026-03-28 22:14:32.455;134192096724550000;;35.98;1.4229638E-4;9.8;0;0;;;;;;
2026-03-28 22:14:48.855;134192096888550000;;;;;0;0;421234;0.0023689999;-28.9;;;
2026-03-28 22:15:25.455;134192097254550000;;37.89423;1.426448E-4;9.7;0;0;;;;;;
2026-03-28 22:15:27.455;134192097274550000;;40.25;1.7739747E-4;20.4;0;0;;;;;;
2026-03-28 22:15:45.455;134192097454550000;;40.65;1.5440673E-4;20.4;0;0;;;;;;
2026-03-28 22:15:47.455;134192097474550000;;31.125;1.2393799E-4;37.1;0;0;;;;;;
2026-03-28 22:15:48.855;134192097488550000;;;;;0;0;421294;0.002371;-30.1;;;
2026-03-28 22:15:50.455;134192097504550000;;31.25;1.2945557E-4;37.1;0;0;;;;;;
2026-03-28 22:15:55.455;134192097554550000;;40.4;1.7749023E-4;21.6;0;0;;;;;;
2026-03-28 22:16:13.455;134192097734550000;;35.05;1.1764404E-4;21.6;0;0;;;;;;
2026-03-28 22:16:15.455;134192097754550000;;30.25;1.4321595E-4;26.0;0;0;;;;;;
2026-03-28 22:16:29.955;134192097899550000;;29.6875;1.217041E-4;26.0;0;0;;;;;;
2026-03-28 22:16:30.955;134192097909550000;;45.25;1.5460205E-4;43.7;0;0;;;;;;
2026-03-28 22:16:32.455;134192097924550000;;50.0;1.8604736E-4;43.7;0;0;;;;;;
2026-03-28 22:16:34.575;134192097945750000;;35.04348;1.3444529E-4;9.8;0;0;;;;;;
2026-03-28 22:16:35.455;134192097954550000;;34.393784;1.322554E-4;10.1;0;0;;;;;;
2026-03-28 22:16:48.855;134192098088550000;;;;;0;0;421354;0.002374;-31.3;;;
2026-03-28 22:17:22.705;134192098427050000;;35.73057;1.3949917E-4;10.1;0;0;;;;;;
2026-03-28 22:17:48.855;134192098688550000;;;;;0;0;421414;0.002376;-32.3;;;
2026-03-28 22:18:15.825;134192098958250000;;35.940887;1.4288793E-4;9.9;0;0;;;;;;
2026-03-28 22:18:17.825;134192098978250000;;35.83575;1.429211E-4;9.8;0;0;;;;;;
2026-03-28 22:18:18.075;134192098980750000;;108.0;6.9257815E-4;66.8;0;0;;;;;;
2026-03-28 22:18:18.205;134192098982050000;;108.0;6.9257815E-4;66.8;0;0;;;;;;
2026-03-28 22:18:18.575;134192098985750000;;37.657536;1.4464228E-4;11.3;0;0;;;;;;
2026-03-28 22:18:48.855;134192099288550000;;;;;0;0;421474;0.002379;-33.3;;;
2026-03-28 22:19:30.455;134192099704550000;;36.0137;1.4797597E-4;11.3;0;0;;;;;;
2026-03-28 22:19:32.455;134192099724550000;;26.0;4.4921875E-5;77.6;0;0;;;;;;
2026-03-28 22:19:33.455;134192099734550000;;26.75;5.1354982E-5;77.6;0;0;;;;;;
2026-03-28 22:19:36.455;134192099764550000;;39.05;1.7205566E-4;21.9;0;0;;;;;;
2026-03-28 22:19:48.855;134192099888550000;;;;;0;0;421534;0.002381;-34.1;;;
2026-03-28 22:19:54.455;134192099944550000;;33.2;1.0488037E-4;21.9;0;0;;;;;;
2026-03-28 22:19:56.455;134192099964550000;;24.0;7.9541016E-5;63.7;0;0;;;;;;
2026-03-28 22:19:57.455;134192099974550000;;23.75;7.7612305E-5;63.7;0;0;;;;;;
2026-03-28 22:20:00.455;134192100004550000;;37.53846;1.7443097E-4;17.8;0;0;;;;;;
2026-03-28 22:20:23.455;134192100234550000;;39.384617;1.7052284E-4;17.8;0;0;;;;;;
2026-03-28 22:20:27.455;134192100274550000;;31.4;1.1787695E-4;20.4;0;0;;;;;;
2026-03-28 22:20:48.855;134192100488550000;;;;;0;0;421594;0.002384;-34.7;;;
2026-03-28 22:20:50.205;134192100502050000;;35.88;1.4880273E-4;20.4;0;0;;;;;;
2026-03-28 22:20:50.705;134192100507050000;;144.0;5.5761717E-4;66.4;0;0;;;;;;
2026-03-28 22:20:50.955;134192100509550000;;87.0;3.0117188E-4;66.4;0;0;;;;;;
2026-03-28 22:20:52.205;134192100522050000;;20.0;4.7233072E-5;99.0;0;0;;;;;;
2026-03-28 22:20:53.455;134192100534550000;;43.0;1.4453125E-4;99.0;0;0;;;;;;
2026-03-28 22:20:54.205;134192100542050000;;14.0;1.0546875E-5;99.0;0;0;;;;;;
2026-03-28 22:20:54.705;134192100547050000;;238.0;6.1884767E-4;63.8;0;0;;;;;;
2026-03-28 22:20:55.205;134192100552050000;;76.0;3.743164E-4;84.9;0;0;;;;;;
2026-03-28 22:20:55.575;134192100555750000;;33.736843;1.2679122E-4;26.8;0;0;;;;;;
2026-03-28 22:21:14.205;134192100742050000;;30.578947;7.6989105E-5;26.8;0;0;;;;;;
2026-03-28 22:21:14.705;134192100747050000;;52.25;2.3454589E-4;41.1;0;0;;;;;;
2026-03-28 22:21:18.205;134192100782050000;;38.5;2.0646973E-4;41.1;0;0;;;;;;
2026-03-28 22:21:18.705;134192100787050000;;34.57143;1.7439314E-4;27.2;0;0;;;;;;
2026-03-28 22:21:31.955;134192100919550000;;29.142857;9.1479495E-5;27.2;0;0;;;;;;
2026-03-28 22:21:32.955;134192100929550000;;50.25;2.2272949E-4;40.8;0;0;;;;;;
2026-03-28 22:21:34.455;134192100944550000;;51.25;2.2250977E-4;40.8;0;0;;;;;;
2026-03-28 22:21:36.955;134192100969550000;;39.76;1.7196484E-4;27.4;0;0;;;;;;
2026-03-28 22:21:48.835;134192101088350000;;35.36;1.1292187E-4;27.4;0;0;;;;;;
2026-03-28 22:21:48.855;134192101088550000;;;;;0;0;421654;0.002386;-35.7;;;
2026-03-28 22:21:49.075;134192101090750000;;68.0;4.0898437E-4;84.5;0;0;;;;;;
2026-03-28 22:21:49.205;134192101092050000;;68.0;4.0898437E-4;84.5;0;0;;;;;;
2026-03-28 22:21:49.575;134192101095750000;;30.285715;9.394531E-5;60.8;0;0;;;;;;
2026-03-28 22:21:52.825;134192101128250000;;40.857143;1.2554409E-4;60.8;0;0;;;;;;
2026-03-28 22:21:53.075;134192101130750000;;12.0;2.7441407E-5;99.0;0;0;;;;;;
2026-03-28 22:21:53.455;134192101134550000;;18.0;6.0888673E-5;99.0;0;0;;;;;;
2026-03-28 22:21:54.205;134192101142050000;;36.98969;1.4014175E-4;9.7;0;0;;;;;;
2026-03-28 22:22:42.455;134192101624550000;;38.814434;1.4919408E-4;9.7;0;0;;;;;;
2026-03-28 22:22:48.855;134192101688550000;;;;;0;0;421714;0.002388;-37.0;;;
2026-03-28 22:23:31.705;134192102117050000;;40.17347;1.5627939E-4;9.7;0;0;;;;;;
2026-03-28 22:23:32.205;134192102122050000;;44.75;1.8615316E-4;27.0;0;0;;;;;;
2026-03-28 22:23:43.455;134192102234550000;;35.916668;1.3145345E-4;27.0;0;0;;;;;;
2026-03-28 22:23:44.455;134192102244550000;;26.0;7.185058E-5;59.0;0;0;;;;;;
2026-03-28 22:23:45.955;134192102259550000;;28.5;8.66333E-5;59.0;0;0;;;;;;
2026-03-28 22:23:48.455;134192102284550000;;40.85294;1.6555464E-4;15.4;0;0;;;;;;
2026-03-28 22:23:48.855;134192102288550000;;;;;0;0;421774;0.002391;-38.5;;;
2026-03-28 22:24:20.955;134192102609550000;;42.47059;1.7747875E-4;15.4;0;0;;;;;;
2026-03-28 22:24:22.955;134192102629550000;;34.85;1.0825195E-4;24.0;0;0;;;;;;
2026-03-28 22:24:40.955;134192102809550000;;35.45;1.3122315E-4;24.0;0;0;;;;;;
2026-03-28 22:24:42.955;134192102829550000;;44.375;1.4146118E-4;32.3;0;0;;;;;;
2026-03-28 22:24:45.955;134192102859550000;;48.625;1.6739502E-4;32.3;0;0;;;;;;
2026-03-28 22:24:48.855;134192102888550000;;;;;0;0;421834;0.002393;-40.2;;;
2026-03-28 22:24:50.955;134192102909550000;;31.87755;1.0525351E-4;14.9;0;0;;;;;;
2026-03-28 22:25:38.705;134192103387050000;;38.204082;1.4200713E-4;14.9;0;0;;;;;;
2026-03-28 22:25:39.205;134192103392050000;;28.428572;7.057059E-5;22.0;0;0;;;;;;
2026-03-28 22:25:48.855;134192103488550000;;;;;0;0;421894;0.002395;-41.7;;;
2026-03-28 22:26:06.705;134192103667050000;;31.25;1.20811244E-4;22.0;0;0;;;;;;
2026-03-28 22:26:07.205;134192103672050000;;8.0;1.8554688E-6;99.0;0;0;;;;;;
2026-03-28 22:26:07.455;134192103674550000;;13.0;1.9384766E-5;99.0;0;0;;;;;;
2026-03-28 22:26:08.205;134192103682050000;;25.875;5.426636E-5;42.5;0;0;;;;;;
2026-03-28 22:26:15.835;134192103758350000;;36.0;1.3789673E-4;42.5;0;0;;;;;;
2026-03-28 22:26:16.075;134192103760750000;;78.0;3.9705078E-4;46.2;0;0;;;;;;
2026-03-28 22:26:18.325;134192103783250000;;37.2;9.5429685E-5;46.2;0;0;;;;;;
2026-03-28 22:26:18.575;134192103785750000;;28.0;9.6191405E-5;94.1;0;0;;;;;;
2026-03-28 22:26:18.955;134192103789550000;;28.0;1.7612305E-4;94.1;0;0;;;;;;
2026-03-28 22:26:19.705;134192103797050000;;180.0;6.4433593E-4;62.7;0;0;;;;;;
2026-03-28 22:26:20.085;134192103800850000;;20.0;7.9101565E-6;99.0;0;0;;;;;;
2026-03-28 22:26:20.465;134192103804650000;;19.0;1.6845703E-5;99.0;0;0;;;;;;
2026-03-28 22:26:21.205;134192103812050000;;35.92857;1.4081683E-4;19.2;0;0;;;;;;
2026-03-28 22:26:46.955;134192104069550000;;36.07143;1.2929339E-4;19.2;0;0;;;;;;
2026-03-28 22:26:48.855;134192104088550000;;;;;0;0;421954;0.002397;-42.9;;;
2026-03-28 22:26:50.955;134192104109550000;;42.708332;1.427531E-4;21.2;0;0;;;;;;
2026-03-28 22:27:10.955;134192104309550000;;34.208332;1.0746053E-4;21.2;0;0;;;;;;
2026-03-28 22:27:14.955;134192104349550000;;31.0;1.13989256E-4;40.3;0;0;;;;;;
2026-03-28 22:27:20.835;134192104408350000;;33.875;1.4086915E-4;40.3;0;0;;;;;;
2026-03-28 22:27:21.075;134192104410750000;;76.0;3.8046876E-4;89.4;0;0;;;;;;
2026-03-28 22:27:21.205;134192104412050000;;76.0;3.8046876E-4;89.4;0;0;;;;;;
2026-03-28 22:27:21.575;134192104415750000;;24.378378;7.641734E-5;27.7;0;0;;;;;;
2026-03-28 22:27:38.955;134192104589550000;;26.756756;9.370777E-5;27.7;0;0;;;;;;
2026-03-28 22:27:40.955;134192104609550000;;34.25;1.3052368E-4;36.2;0;0;;;;;;
2026-03-28 22:27:47.705;134192104677050000;;34.625;1.37854E-4;36.2;0;0;;;;;;
2026-03-28 22:27:48.205;134192104682050000;;61.0;2.0603028E-4;63.0;0;0;;;;;;
2026-03-28 22:27:48.855;134192104688550000;;;;;0;0;422014;0.002399;-43.8;;;
2026-03-28 22:27:48.955;134192104689550000;;58.5;1.8466797E-4;63.0;0;0;;;;;;
2026-03-28 22:27:50.205;134192104702050000;;31.1;1.4264649E-4;30.9;0;0;;;;;;
2026-03-28 22:27:54.955;134192104749550000;;32.5;1.5197265E-4;30.9;0;0;;;;;;
2026-03-28 22:28:01.955;134192104819550000;;26.554113;8.365632E-5;12.2;0;0;;;;;;
2026-03-28 22:28:48.855;134192105288550000;;;;;0;0;422074;0.002401;-44.6;;;
2026-03-28 22:28:57.705;134192105377050000;;24.675325;7.799014E-5;12.2;0;0;;;;;;
2026-03-28 22:29:48.855;134192105888550000;;;;;0;0;422134;0.002402;-45.3;;;
2026-03-28 22:30:00.955;134192106009550000;;22.353909;7.2125775E-5;11.9;0;0;;;;;;
2026-03-28 22:30:01.955;134192106019550000;;39.0;1.8696289E-4;69.5;0;0;;;;;;
2026-03-28 22:30:02.455;134192106024550000;;35.5;1.5075684E-4;69.5;0;0;;;;;;
2026-03-28 22:30:03.955;134192106039550000;;24.125;9.226685E-5;44.5;0;0;;;;;;
2026-03-28 22:30:11.325;134192106113250000;;16.25;6.991577E-5;44.5;0;0;;;;;;
2026-03-28 22:30:11.575;134192106115750000;;6.0;4.6289064E-5;99.0;0;0;;;;;;
2026-03-28 22:30:11.705;134192106117050000;;6.0;4.6289064E-5;99.0;0;0;;;;;;
2026-03-28 22:30:12.085;134192106120850000;;20.930233;6.1559775E-5;21.6;0;0;;;;;;
2026-03-28 22:30:48.855;134192106488550000;;;;;0;0;422194;0.002403;-45.7;;;
2026-03-28 22:30:53.955;134192106539550000;;19.139534;6.702285E-5;21.6;0;0;;;;;;
2026-03-28 22:30:55.955;134192106559550000;;10.25;1.4306641E-5;99.0;0;0;;;;;;
2026-03-28 22:30:56.955;134192106569550000;;10.5;1.6894532E-5;99.0;0;0;;;;;;
2026-03-28 22:31:00.955;134192106609550000;;28.75;7.446289E-5;61.3;0;0;;;;;;
2026-03-28 22:31:03.955;134192106639550000;;16.65;6.329834E-5;34.5;0;0;;;;;;
2026-03-28 22:31:20.955;134192106809550000;;14.3;4.9370115E-5;34.5;0;0;;;;;;
2026-03-28 22:31:24.955;134192106849550000;;21.125;7.0349124E-5;48.2;0;0;;;;;;
2026-03-28 22:31:26.955;134192106869550000;;21.25;7.025757E-5;48.2;0;0;;;;;;
2026-03-28 22:31:32.955;134192106929550000;;14.964286;4.3923515E-5;21.9;0;0;;;;;;
2026-03-28 22:31:48.855;134192107088550000;;;;;0;0;422254;0.002404;-45.5;;;
2026-03-28 22:32:24.955;134192107449550000;;15.035714;5.4887172E-5;21.9;0;0;;;;;;
2026-03-28 22:32:28.955;134192107489550000;;10.0;3.8638307E-5;46.4;0;0;;;;;;
2026-03-28 22:32:42.455;134192107624550000;;11.875;4.234009E-5;46.4;0;0;;;;;;
2026-03-28 22:32:43.455;134192107634550000;;16.5;5.805664E-5;99.0;0;0;;;;;;
2026-03-28 22:32:43.955;134192107639550000;;19.0;7.1801755E-5;99.0;0;0;;;;;;
2026-03-28 22:32:45.455;134192107654550000;;8.0;2.7453614E-5;76.2;0;0;;;;;;
2026-03-28 22:32:46.955;134192107669550000;;9.0;3.0200195E-5;76.2;0;0;;;;;;
2026-03-28 22:32:48.855;134192107688550000;;;;;0;0;422314;0.002405;-44.8;;;
2026-03-28 22:32:49.955;134192107699550000;;28.5;7.282715E-5;85.7;0;0;;;;;;
2026-03-28 22:32:51.455;134192107714550000;;10.28;2.7100097E-5;21.1;0;0;;;;;;
2026-03-28 22:33:40.955;134192108209550000;;9.67;2.8452636E-5;21.1;0;0;;;;;;
2026-03-28 22:33:48.855;134192108288550000;;;;;0;0;422374;0.002405;-43.6;;;
2026-03-28 22:34:48.855;134192108888550000;;;;;0;0;422434;0.002406;-42.1;;;
2026-03-28 22:35:20.955;134192109209550000;;7.27;2.560791E-5;22.3;0;0;;;;;;
2026-03-28 22:35:48.855;134192109488550000;;;;;0;0;422494;0.002406;-40.2;;;
2026-03-28 22:36:16.955;134192109769550000;;3.6666667;1.18815105E-5;86.8;0;0;;;;;;
2026-03-28 22:36:21.955;134192109819550000;;2.0833333;4.3619793E-6;86.8;0;0;;;;;;
2026-03-28 22:36:23.955;134192109839550000;;9.714286;3.682338E-5;87.1;0;0;;;;;;
2026-03-28 22:36:29.705;134192109897050000;;0.14285715;1.6113281E-6;87.1;0;0;;;;;;
2026-03-28 22:36:30.205;134192109902050000;;58.0;1.8984375E-4;99.0;0;0;;;;;;
2026-03-28 22:36:30.455;134192109904550000;;32.0;9.570312E-5;99.0;0;0;;;;;;
2026-03-28 22:36:31.205;134192109912050000;;4.616162;1.7073568E-5;33.2;0;0;;;;;;
2026-03-28 22:36:48.855;134192110088550000;;;;;0;0;422554;0.002407;-37.9;;;
2026-03-28 22:37:20.455;134192110404550000;;3.909091;1.2688901E-5;33.2;0;0;;;;;;
2026-03-28 22:37:48.855;134192110688550000;;;;;0;0;422614;0.002407;-35.3;;;
2026-03-28 22:38:48.855;134192111288550000;;;;;0;0;422674;0.002407;-32.3;;;
2026-03-28 22:38:57.955;134192111379550000;;2.625;8.084615E-6;41.1;0;0;;;;;;
2026-03-28 22:39:48.855;134192111888550000;;;;;0;0;422734;0.002407;-29.2;;;
2026-03-28 22:40:33.955;134192112339550000;;1.84375;7.386271E-6;43.6;0;0;;;;;;
2026-03-28 22:40:48.855;134192112488550000;;;;;0;0;422794;0.002408;-26.2;;;
2026-03-28 22:41:48.855;134192113088550000;;;;;0;0;422854;0.002408;-22.9;;;
2026-03-28 22:42:09.955;134192113299550000;;1.4166666;5.8563232E-6;49.8;0;0;;;;;;
2026-03-28 22:42:48.855;134192113688550000;;;;;0;0;422914;0.002408;-19.5;;;
2026-03-28 22:43:45.955;134192114259550000;;0.8541667;3.515625E-6;59.7;0;0;;;;;;
2026-03-28 22:43:48.855;134192114288550000;;;;;0;0;422974;0.002408;-16.0;;;
2026-03-28 22:44:48.855;134192114888550000;;;;;0;0;423034;0.002408;-12.6;;;
2026-03-28 22:45:21.955;134192115219550000;;0.9895833;4.5227052E-6;54.6;0;0;;;;;;
2026-03-28 22:45:48.855;134192115488550000;;;;;0;0;423094;0.002408;-9.3;;;
2026-03-28 22:46:48.855;134192116088550000;;;;;0;0;423154;0.002408;-6.1;;;
2026-03-28 22:46:57.955;134192116179550000;;1.09375;2.1799724E-6;73.3;0;0;;;;;;
2026-03-28 22:47:48.855;134192116688550000;;;;;0;0;423214;0.002408;-2.6;;;
2026-03-28 22:48:09.955;134192116899550000;;1.6875;1.1149089E-6;73.9;0;0;;;;;;
2026-03-28 22:48:29.955;134192117099550000;;2.1041667;1.6937256E-6;73.9;0;0;;;;;;
2026-03-28 22:48:37.955;134192117179550000;;5.5277777;8.879598E-6;23.1;0;0;;;;;;
2026-03-28 22:48:48.855;134192117288550000;;;;;0;0;423274;0.002408;0.8;;;
2026-03-28 22:49:45.955;134192117859550000;;6.3194447;8.205159E-6;23.1;0;0;;;;;;
2026-03-28 22:49:48.855;134192117888550000;;;;;0;0;423334;0.002408;3.9;;;
2026-03-28 22:50:48.855;134192118488550000;;;;;0;0;423394;0.002409;6.8;;;
2026-03-28 22:51:45.955;134192119059550000;;6.40625;7.64211E-6;28.5;0;0;;;;;;
2026-03-28 22:51:48.855;134192119088550000;;;;;0;0;423454;0.002409;9.4;;;
2026-03-28 22:52:48.855;134192119688550000;;;;;0;0;423514;0.002409;11.7;;;
2026-03-28 22:53:21.955;134192120019550000;;6.5416665;8.914693E-6;29.1;0;0;;;;;;
2026-03-28 22:53:48.855;134192120288550000;;;;;0;0;423574;0.002409;13.6;;;
2026-03-28 22:54:48.855;134192120888550000;;;;;0;0;423634;0.002409;15.3;;;
2026-03-28 22:54:57.955;134192120979550000;;6.5104165;8.898417E-6;29.5;0;0;;;;;;
2026-03-28 22:55:48.855;134192121488550000;;;;;0;0;423694;0.002409;16.8;;;
2026-03-28 22:56:33.955;134192121939550000;;6.59375;7.6039632E-6;32.4;0;0;;;;;;
2026-03-28 22:56:48.855;134192122088550000;;;;;0;0;423754;0.002409;18.0;;;
2026-03-28 22:57:48.855;134192122688550000;;;;;0;0;423814;0.00241;19.1;;;
2026-03-28 22:58:09.955;134192122899550000;;6.6145835;8.010864E-6;32.0;0;0;;;;;;
2026-03-28 22:58:48.855;134192123288550000;;;;;0;0;423874;0.00241;20.3;;;
2026-03-28 22:59:45.955;134192123859550000;;6.5104165;8.873494E-6;30.0;0;0;;;;;;
2026-03-28 22:59:48.855;134192123888550000;;;;;0;0;423934;0.00241;21.3;;;
2026-03-28 23:00:48.855;134192124488550000;;;;;0;0;423994;0.00241;22.2;;;
2026-03-28 23:01:21.955;134192124819550000;;6.2604165;7.070414E-6;32.6;0;0;;;;;;
2026-03-28 23:01:48.855;134192125088550000;;;;;0;0;424054;0.00241;23.0;;;
2026-03-28 23:02:48.855;134192125688550000;;;;;0;0;424114;0.00241;23.7;;;
2026-03-28 23:02:57.955;134192125779550000;;6.8645835;1.0711161E-5;26.9;0;0;;;;;;
2026-03-28 23:03:48.855;134192126288550000;;;;;0;0;424174;0.00241;24.3;;;
2026-03-28 23:04:33.955;134192126739550000;;7.1354165;1.0194397E-5;28.5;0;0;;;;;;
2026-03-28 23:04:48.855;134192126888550000;;;;;0;0;424234;0.00241;24.8;;;
2026-03-28 23:05:48.855;134192127488550000;;;;;0;0;424294;0.002411;25.3;;;
2026-03-28 23:06:09.955;134192127699550000;;6.8958335;9.075419E-6;29.3;0;0;;;;;;
2026-03-28 23:06:48.855;134192128088550000;;;;;0;0;424354;0.002411;25.8;;;
2026-03-28 23:07:45.955;134192128659550000;;6.7708335;7.1070353E-6;27.9;0;0;;;;;;
2026-03-28 23:07:48.855;134192128688550000;;;;;0;0;424414;0.002411;26.3;;;
2026-03-28 23:08:48.855;134192129288550000;;;;;0;0;424474;0.002411;26.7;;;
2026-03-28 23:09:21.955;134192129619550000;;6.3333335;8.886719E-6;27.6;0;0;;;;;;
2026-03-28 23:09:48.855;134192129888550000;;;;;0;0;424534;0.002411;27.0;;;
2026-03-28 23:10:48.855;134192130488550000;;;;;0;0;424594;0.002411;27.3;;;
2026-03-28 23:10:57.955;134192130579550000;;6.3541665;7.5861612E-6;31.1;0;0;;;;;;
2026-03-28 23:11:48.855;134192131088550000;;;;;0;0;424654;0.002412;27.6;;;
2026-03-28 23:12:33.955;134192131539550000;;6.3541665;6.7082724E-6;28.3;0;0;;;;;;
2026-03-28 23:12:48.855;134192131688550000;;;;;0;0;424714;0.002412;27.8;;;
2026-03-28 23:13:48.855;134192132288550000;;;;;0;0;424774;0.002412;28.0;;;
2026-03-28 23:14:09.955;134192132499550000;;6.90625;8.740743E-6;27.8;0;0;;;;;;
2026-03-28 23:14:48.855;134192132888550000;;;;;0;0;424834;0.002412;28.2;;;
2026-03-28 23:15:45.955;134192133459550000;;6.4583335;8.268229E-6;27.5;0;0;;;;;;
2026-03-28 23:15:48.855;134192133488550000;;;;;0;0;424894;0.002412;28.4;;;
2026-03-28 23:16:48.855;134192134088550000;;;;;0;0;424954;0.002412;28.6;;;
2026-03-28 23:17:21.955;134192134419550000;;6.7291665;8.022563E-6;30.0;0;0;;;;;;
2026-03-28 23:17:48.855;134192134688550000;;;;;0;0;425014;0.002412;28.8;;;
2026-03-28 23:18:48.855;134192135288550000;;;;;0;0;425074;0.002412;29.1;;;
2026-03-28 23:18:57.955;134192135379550000;;6.5625;9.293111E-6;28.0;0;0;;;;;;
2026-03-28 23:19:48.855;134192135888550000;;;;;0;0;425134;0.002413;29.3;;;
2026-03-28 23:20:33.955;134192136339550000;;6.5208335;7.58667E-6;28.3;0;0;;;;;;
2026-03-28 23:20:48.855;134192136488550000;;;;;0;0;425194;0.002413;29.4;;;
2026-03-28 23:22:09.955;134192137299550000;;6.4479165;7.969666E-6;26.7;0;0;;;;;;
2026-03-28 23:22:48.855;134192137688550000;;;;;0;0;425314;0.002413;29.5;;;
2026-03-28 23:23:45.955;134192138259550000;;6.4270835;6.8440754E-6;30.7;0;0;;;;;;
2026-03-28 23:23:48.855;134192138288550000;;;;;0;0;425374;0.002413;29.7;;;
2026-03-28 23:24:48.855;134192138888550000;;;;;0;0;425434;0.002413;29.8;;;
2026-03-28 23:25:21.955;134192139219550000;;6.9270835;6.5048216E-6;25.3;0;0;;;;;;
2026-03-28 23:25:48.855;134192139488550000;;;;;0;0;425494;0.002413;29.9;;;
2026-03-28 23:26:48.855;134192140088550000;;;;;0;0;425554;0.002414;30.0;;;
2026-03-28 23:26:57.955;134192140179550000;;6.9270835;9.99705E-6;28.8;0;0;;;;;;
2026-03-28 23:27:48.855;134192140688550000;;;;;0;0;425614;0.002414;30.2;;;
2026-03-28 23:28:33.955;134192141139550000;;6.7604165;1.1461385E-5;26.2;0;0;;;;;;
2026-03-28 23:29:48.855;134192141888550000;;;;;0;0;425734;0.002414;30.4;;;
2026-03-28 23:30:09.955;134192142099550000;;6.3645835;7.0063275E-6;30.6;0;0;;;;;;
2026-03-28 23:30:48.855;134192142488550000;;;;;0;0;425794;0.002414;30.5;;;
2026-03-28 23:31:45.955;134192143059550000;;6.0625;6.6212974E-6;30.9;0;0;;;;;;
2026-03-28 23:31:48.855;134192143088550000;;;;;0;0;425854;0.002414;30.7;;;
2026-03-28 23:32:48.855;134192143688550000;;;;;0;0;425914;0.002414;30.9;;;
2026-03-28 23:33:21.955;134192144019550000;;6.3229165;9.5662435E-6;28.2;0;0;;;;;;
2026-03-28 23:33:48.855;134192144288550000;;;;;0;0;425974;0.002415;31.0;;;
2026-03-28 23:34:48.855;134192144888550000;;;;;0;0;426034;0.002415;31.2;;;
2026-03-28 23:34:57.955;134192144979550000;;6.5208335;7.691956E-6;31.1;0;0;;;;;;
2026-03-28 23:35:48.855;134192145488550000;;;;;0;0;426094;0.002415;31.3;;;
2026-03-28 23:36:33.955;134192145939550000;;6.375;8.451843E-6;30.7;0;0;;;;;;
2026-03-28 23:37:48.855;134192146688550000;;;;;0;0;426214;0.002415;31.4;;;
2026-03-28 23:38:09.955;134192146899550000;;7.09375;1.063029E-5;27.2;0;0;;;;;;
2026-03-28 23:39:45.955;134192147859550000;;6.4479165;6.8415325E-6;28.8;0;0;;;;;;
2026-03-28 23:41:21.955;134192148819550000;;6.78125;8.521017E-6;28.9;0;0;;;;;;
2026-03-28 23:42:48.855;134192149688550000;;;;;0;0;426514;0.002416;31.5;;;
2026-03-28 23:42:57.955;134192149779550000;;6.9895835;8.868408E-6;29.1;0;0;;;;;;
2026-03-28 23:44:25.955;134192150659550000;;6.7375;8.443603E-6;30.4;0;0;;;;;;
2026-03-28 23:44:48.855;134192150888550000;;;;;0;0;426634;0.002416;31.7;;;
2026-03-28 23:45:01.955;134192151019550000;;6.3;8.05481E-6;30.4;0;0;;;;;;
2026-03-28 23:45:09.955;134192151099550000;;3.484375;5.1174165E-6;32.4;0;0;;;;;;
2026-03-28 23:45:48.855;134192151488550000;;;;;0;0;426694;0.002416;31.9;;;
2026-03-28 23:46:09.955;134192151699550000;;3.5078125;5.5751802E-6;32.4;0;0;;;;;;
2026-03-28 23:46:48.855;134192152088550000;;;;;0;0;426754;0.002416;32.2;;;
2026-03-28 23:47:48.855;134192152688550000;;;;;0;0;426814;0.002416;32.3;;;
2026-03-28 23:48:01.955;134192152819550000;;3.6666667;5.8980304E-6;35.7;0;0;;;;;;
2026-03-28 23:48:48.855;134192153288550000;;;;;0;0;426874;0.002416;32.5;;;
2026-03-28 23:49:37.955;134192153779550000;;3.78125;5.0765993E-6;37.6;0;0;;;;;;
2026-03-28 23:49:48.855;134192153888550000;;;;;0;0;426934;0.002417;32.7;;;
2026-03-28 23:50:48.855;134192154488550000;;;;;0;0;426994;0.002417;32.8;;;
2026-03-28 23:51:13.955;134192154739550000;;3.6666667;5.8181763E-6;35.0;0;0;;;;;;
2026-03-28 23:51:48.855;134192155088550000;;;;;0;0;427054;0.002417;32.9;;;
2026-03-28 23:52:49.955;134192155699550000;;4.3020835;7.600403E-6;34.1;0;0;;;;;;
2026-03-28 23:54:25.955;134192156659550000;;5.1458335;5.858358E-6;30.5;0;0;;;;;;
2026-03-28 23:55:48.855;134192157488550000;;;;;0;0;427294;0.002417;32.8;;;
2026-03-28 23:56:01.955;134192157619550000;;5.34375;8.471171E-6;29.9;0;0;;;;;;
2026-03-28 23:56:48.855;134192158088550000;;;;;0;0;427354;0.002417;32.6;;;
2026-03-28 23:57:37.955;134192158579550000;;4.8541665;5.9656777E-6;33.1;0;0;;;;;;
2026-03-28 23:57:48.855;134192158688550000;;;;;0;0;427414;0.002417;32.5;;;
2026-03-28 23:58:48.855;134192159288550000;;;;;0;0;427474;0.002418;32.4;;;
2026-03-28 23:59:13.955;134192159539550000;;4.8645835;6.858317E-6;29.5;0;0;;;;;;
2026-03-29 00:00:49.955;134192160499550000;;4.8854165;6.950887E-6;32.3;0;0;;;;;;
2026-03-29 00:02:25.955;134192161459550000;;4.5833335;6.587728E-6;32.9;0;0;;;;;;
2026-03-29 00:04:01.955;134192162419550000;;6.9479165;7.393392E-6;29.1;0;0;;;;;;
2026-03-29 00:05:37.955;134192163379550000;;7.7083335;8.167521E-6;27.9;0;0;;;;;;
2026-03-29 00:05:48.855;134192163488550000;;;;;0;0;427894;0.002418;32.5;;;
2026-03-29 00:06:48.855;134192164088550000;;;;;0;0;427954;0.002418;32.7;;;
2026-03-29 00:07:13.955;134192164339550000;;7.75;8.407084E-6;27.4;0;0;;;;;;
2026-03-29 00:07:48.855;134192164688550000;;;;;0;0;428014;0.002419;32.9;;;
2026-03-29 00:08:48.855;134192165288550000;;;;;0;0;428074;0.002419;33.0;;;
2026-03-29 00:08:49.955;134192165299550000;;8.854167;1.2232971E-5;24.2;0;0;;;;;;
2026-03-29 00:10:25.955;134192166259550000;;8.46875;8.532206E-6;28.4;0;0;;;;;;
2026-03-29 00:11:48.855;134192167088550000;;;;;0;0;428254;0.002419;32.9;;;
2026-03-29 00:12:01.955;134192167219550000;;8.354167;1.0820007E-5;25.2;0;0;;;;;;
2026-03-29 00:13:37.955;134192168179550000;;9.03125;1.2025452E-5;24.7;0;0;;;;;;
2026-03-29 00:13:48.855;134192168288550000;;;;;0;0;428374;0.00242;32.8;;;
2026-03-29 00:15:13.955;134192169139550000;;8.34375;1.1610413E-5;25.5;0;0;;;;;;
2026-03-29 00:16:49.955;134192170099550000;;8.59375;1.2319946E-5;24.2;0;0;;;;;;
2026-03-29 00:18:25.955;134192171059550000;;7.5520835;7.944234E-6;27.6;0;0;;;;;;
2026-03-29 00:18:48.855;134192171288550000;;;;;0;0;428674;0.00242;32.6;;;
2026-03-29 00:20:01.955;134192172019550000;;7.7708335;9.28599E-6;27.8;0;0;;;;;;
2026-03-29 00:20:48.855;134192172488550000;;;;;0;0;428794;0.002421;32.5;;;
2026-03-29 00:21:37.955;134192172979550000;;7.8854165;8.298238E-6;26.8;0;0;;;;;;
2026-03-29 00:22:48.855;134192173688550000;;;;;0;0;428914;0.002421;32.4;;;
2026-03-29 00:23:13.955;134192173939550000;;8.333333;9.0876265E-6;26.1;0;0;;;;;;
2026-03-29 00:24:49.955;134192174899550000;;8.104167;9.806315E-6;25.5;0;0;;;;;;
2026-03-29 00:26:25.955;134192175859550000;;8.03125;1.12559E-5;25.5;0;0;;;;;;
2026-03-29 00:28:01.955;134192176819550000;;7.8020835;8.467102E-6;29.6;0;0;;;;;;
2026-03-29 00:29:37.955;134192177779550000;;8.114583;1.0025533E-5;26.8;0;0;;;;;;
2026-03-29 00:30:48.855;134192178488550000;;;;;0;0;429394;0.002422;32.5;;;
2026-03-29 00:31:13.955;134192178739550000;;6.8854165;1.1219279E-5;26.6;0;0;;;;;;
2026-03-29 00:32:49.955;134192179699550000;;8.489583;9.850057E-6;26.3;0;0;;;;;;
2026-03-29 00:33:48.855;134192180288550000;;;;;0;0;429574;0.002423;32.7;;;
2026-03-29 00:34:25.955;134192180659550000;;7.9479165;1.0379537E-5;26.7;0;0;;;;;;
2026-03-29 00:35:48.855;134192181488550000;;;;;0;0;429694;0.002423;32.8;;;
2026-03-29 00:36:01.955;134192181619550000;;5.5625;7.911682E-6;31.0;0;0;;;;;;
2026-03-29 00:37:37.955;134192182579550000;;4.3125;4.6630857E-6;32.8;0;0;;;;;;
2026-03-29 00:37:48.855;134192182688550000;;;;;0;0;429814;0.002424;32.9;;;
2026-03-29 00:39:13.955;134192183539550000;;4.4895835;5.245463E-6;38.0;0;0;;;;;;
2026-03-29 00:40:49.955;134192184499550000;;4.5833335;7.5897215E-6;35.4;0;0;;;;;;
2026-03-29 00:41:48.855;134192185088550000;;;;;0;0;430054;0.002424;32.8;;;
2026-03-29 00:42:25.955;134192185459550000;;4.3125;6.132507E-6;36.6;0;0;;;;;;
2026-03-29 00:42:48.855;134192185688550000;;;;;0;0;430114;0.002424;32.7;;;
2026-03-29 00:43:48.855;134192186288550000;;;;;0;0;430174;0.002424;32.5;;;
2026-03-29 00:44:01.955;134192186419550000;;4.3020835;5.588277E-6;37.6;0;0;;;;;;
2026-03-29 00:44:48.855;134192186888550000;;;;;0;0;430234;0.002424;32.3;;;
2026-03-29 00:45:37.955;134192187379550000;;4.4895835;4.378764E-6;38.0;0;0;;;;;;
2026-03-29 00:45:48.855;134192187488550000;;;;;0;0;430294;0.002424;32.1;;;
2026-03-29 00:46:48.855;134192188088550000;;;;;0;0;430354;0.002424;31.9;;;
2026-03-29 00:47:13.955;134192188339550000;;4.0833335;4.7470094E-6;37.6;0;0;;;;;;
2026-03-29 00:47:48.855;134192188688550000;;;;;0;0;430414;0.002425;31.7;;;
2026-03-29 00:48:48.855;134192189288550000;;;;;0;0;430474;0.002425;31.5;;;
2026-03-29 00:48:49.955;134192189299550000;;4.6875;4.4428507E-6;35.9;0;0;;;;;;
2026-03-29 00:49:48.855;134192189888550000;;;;;0;0;430534;0.002425;31.3;;;
2026-03-29 00:50:25.955;134192190259550000;;4.5729165;6.810506E-6;32.5;0;0;;;;;;
2026-03-29 00:50:48.855;134192190488550000;;;;;0;0;430594;0.002425;31.0;;;
2026-03-29 00:51:48.855;134192191088550000;;;;;0;0;430654;0.002425;30.8;;;
2026-03-29 00:52:01.955;134192191219550000;;4.2916665;4.385376E-6;34.5;0;0;;;;;;
2026-03-29 00:52:48.855;134192191688550000;;;;;0;0;430714;0.002425;30.5;;;
2026-03-29 00:53:37.955;134192192179550000;;4.125;4.377238E-6;37.5;0;0;;;;;;
2026-03-29 00:53:48.855;134192192288550000;;;;;0;0;430774;0.002425;30.3;;;
2026-03-29 00:54:48.855;134192192888550000;;;;;0;0;430834;0.002425;30.1;;;
2026-03-29 00:55:13.955;134192193139550000;;4.4270835;5.5389405E-6;38.5;0;0;;;;;;
2026-03-29 00:55:48.855;134192193488550000;;;;;0;0;430894;0.002425;29.9;;;
2026-03-29 00:56:48.855;134192194088550000;;;;;0;0;430954;0.002425;29.7;;;
2026-03-29 00:56:49.955;134192194099550000;;3.8958333;3.960673E-6;38.5;0;0;;;;;;
2026-03-29 00:57:48.855;134192194688550000;;;;;0;0;431014;0.002425;29.5;;;
2026-03-29 00:58:25.955;134192195059550000;;3.8854167;5.068461E-6;40.6;0;0;;;;;;
2026-03-29 00:58:48.855;134192195288550000;;;;;0;0;431074;0.002425;29.3;;;
2026-03-29 00:59:48.855;134192195888550000;;;;;0;0;431134;0.002426;29.2;;;
2026-03-29 01:00:01.955;134192196019550000;;3.65625;4.9601235E-6;38.0;0;0;;;;;;
2026-03-29 01:00:48.855;134192196488550000;;;;;0;0;431194;0.002426;29.0;;;
2026-03-29 01:01:37.955;134192196979550000;;4.3854165;4.800415E-6;39.3;0;0;;;;;;
2026-03-29 01:01:48.855;134192197088550000;;;;;0;0;431254;0.002426;28.9;;;
2026-03-29 01:02:48.855;134192197688550000;;;;;0;0;431314;0.002426;28.8;;;
2026-03-29 01:03:13.955;134192197939550000;;4.40625;5.6777953E-6;37.3;0;0;;;;;;
2026-03-29 01:04:48.855;134192198888550000;;;;;0;0;431434;0.002426;28.6;;;
2026-03-29 01:04:49.955;134192198899550000;;3.7916667;4.9540204E-6;41.6;0;0;;;;;;
2026-03-29 01:06:25.955;134192199859550000;;4.6979165;5.974833E-6;38.3;0;0;;;;;;
2026-03-29 01:06:48.855;134192200088550000;;;;;0;0;431554;0.002426;28.5;;;
2026-03-29 01:08:01.955;134192200819550000;;4.5520835;6.68691E-6;29.7;0;0;;;;;;
2026-03-29 01:08:48.855;134192201288550000;;;;;0;0;431674;0.002426;28.3;;;
2026-03-29 01:09:37.955;134192201779550000;;4.0104165;6.534831E-6;35.7;0;0;;;;;;
2026-03-29 01:09:48.855;134192201888550000;;;;;0;0;431734;0.002426;28.2;;;
2026-03-29 01:11:13.955;134192202739550000;;3.7083333;7.056681E-6;33.9;0;0;;;;;;
2026-03-29 01:11:48.855;134192203088550000;;;;;0;0;431854;0.002427;28.0;;;
2026-03-29 01:12:49.955;134192203699550000;;4.0416665;5.649821E-6;37.5;0;0;;;;;;
2026-03-29 01:14:25.955;134192204659550000;;4.0416665;6.3812254E-6;35.6;0;0;;;;;;
2026-03-29 01:15:48.855;134192205488550000;;;;;0;0;432094;0.002427;28.2;;;
2026-03-29 01:16:01.955;134192205619550000;;4.4895835;4.727173E-6;36.1;0;0;;;;;;
2026-03-29 01:16:48.855;134192206088550000;;;;;0;0;432154;0.002427;28.3;;;
2026-03-29 01:17:37.955;134192206579550000;;4.1875;6.7092897E-6;34.1;0;0;;;;;;
2026-03-29 01:17:48.855;134192206688550000;;;;;0;0;432214;0.002427;28.4;;;
2026-03-29 01:18:48.855;134192207288550000;;;;;0;0;432274;0.002427;28.5;;;
2026-03-29 01:19:13.955;134192207539550000;;3.9270833;6.2520344E-6;34.7;0;0;;;;;;
2026-03-29 01:19:48.855;134192207888550000;;;;;0;0;432334;0.002427;28.7;;;
2026-03-29 01:20:48.855;134192208488550000;;;;;0;0;432394;0.002428;28.8;;;
2026-03-29 01:20:49.955;134192208499550000;;4.4166665;5.3278604E-6;34.9;0;0;;;;;;
2026-03-29 01:21:48.855;134192209088550000;;;;;0;0;432454;0.002428;29.0;;;
2026-03-29 01:22:25.955;134192209459550000;;3.9895833;6.6507973E-6;33.5;0;0;;;;;;
2026-03-29 01:22:48.855;134192209688550000;;;;;0;0;432514;0.002428;29.2;;;
2026-03-29 01:23:48.855;134192210288550000;;;;;0;0;432574;0.002428;29.4;;;
2026-03-29 01:24:01.955;134192210419550000;;4.3020835;6.6945395E-6;34.9;0;0;;;;;;
2026-03-29 01:24:48.855;134192210888550000;;;;;0;0;432634;0.002428;29.6;;;
2026-03-29 01:25:37.955;134192211379550000;;4.4583335;6.5226236E-6;30.7;0;0;;;;;;
2026-03-29 01:25:48.855;134192211488550000;;;;;0;0;432694;0.002428;29.7;;;
2026-03-29 01:26:48.855;134192212088550000;;;;;0;0;432754;0.002428;29.9;;;
2026-03-29 01:27:13.955;134192212339550000;;4.09375;5.865987E-6;35.3;0;0;;;;;;
2026-03-29 01:27:48.855;134192212688550000;;;;;0;0;432814;0.002428;30.1;;;
2026-03-29 01:28:48.855;134192213288550000;;;;;0;0;432874;0.002428;30.3;;;
2026-03-29 01:28:49.955;134192213299550000;;3.90625;7.876079E-6;33.8;0;0;;;;;;
2026-03-29 01:29:48.855;134192213888550000;;;;;0;0;432934;0.002429;30.4;;;
2026-03-29 01:30:25.955;134192214259550000;;4.0833335;6.84611E-6;34.4;0;0;;;;;;
2026-03-29 01:30:48.855;134192214488550000;;;;;0;0;432994;0.002429;30.6;;;
2026-03-29 01:31:48.855;134192215088550000;;;;;0;0;433054;0.002429;30.7;;;
2026-03-29 01:32:01.955;134192215219550000;;4.0104165;5.278524E-6;38.4;0;0;;;;;;
2026-03-29 01:32:48.855;134192215688550000;;;;;0;0;433114;0.002429;30.9;;;
2026-03-29 01:33:37.955;134192216179550000;;3.9583333;4.9031573E-6;33.6;0;0;;;;;;
2026-03-29 01:33:48.855;134192216288550000;;;;;0;0;433174;0.002429;31.0;;;
2026-03-29 01:34:48.855;134192216888550000;;;;;0;0;433234;0.002429;31.2;;;
2026-03-29 01:35:13.955;134192217139550000;;4.03125;6.0740153E-6;32.7;0;0;;;;;;
2026-03-29 01:35:48.855;134192217488550000;;;;;0;0;433294;0.002429;31.3;;;
2026-03-29 01:36:48.855;134192218088550000;;;;;0;0;433354;0.002429;31.4;;;
2026-03-29 01:36:49.955;134192218099550000;;4.0104165;9.928894E-6;31.6;0;0;;;;;;
2026-03-29 01:37:48.855;134192218688550000;;;;;0;0;433414;0.002429;31.6;;;
2026-03-29 01:38:25.955;134192219059550000;;4.1041665;6.745402E-6;33.6;0;0;;;;;;
2026-03-29 01:38:48.855;134192219288550000;;;;;0;0;433474;0.002429;31.7;;;
2026-03-29 01:39:48.855;134192219888550000;;;;;0;0;433534;0.00243;31.8;;;
2026-03-29 01:40:01.955;134192220019550000;;4.2604165;8.251444E-6;32.4;0;0;;;;;;
2026-03-29 01:40:48.855;134192220488550000;;;;;0;0;433594;0.00243;32.0;;;
2026-03-29 01:41:37.955;134192220979550000;;4.1979165;6.823222E-6;36.3;0;0;;;;;;
2026-03-29 01:41:48.855;134192221088550000;;;;;0;0;433654;0.00243;32.1;;;
2026-03-29 01:42:48.855;134192221688550000;;;;;0;0;433714;0.00243;32.2;;;
2026-03-29 01:43:13.955;134192221939550000;;3.9479167;6.90918E-6;32.7;0;0;;;;;;
2026-03-29 01:43:48.855;134192222288550000;;;;;0;0;433774;0.00243;32.4;;;
2026-03-29 01:44:48.855;134192222888550000;;;;;0;0;433834;0.00243;32.5;;;
2026-03-29 01:44:49.955;134192222899550000;;4.1770835;5.7088214E-6;35.8;0;0;;;;;;
2026-03-29 01:45:48.855;134192223488550000;;;;;0;0;433894;0.00243;32.6;;;
2026-03-29 01:46:25.955;134192223859550000;;3.9270833;7.937114E-6;32.2;0;0;;;;;;
2026-03-29 01:46:48.855;134192224088550000;;;;;0;0;433954;0.00243;32.7;;;
2026-03-29 01:47:48.855;134192224688550000;;;;;0;0;434014;0.002431;32.8;;;
2026-03-29 01:48:01.955;134192224819550000;;4.15625;5.032349E-6;34.7;0;0;;;;;;
2026-03-29 01:48:48.855;134192225288550000;;;;;0;0;434074;0.002431;32.9;;;
2026-03-29 01:49:37.955;134192225779550000;;4.3020835;7.050069E-6;33.7;0;0;;;;;;
2026-03-29 01:49:48.855;134192225888550000;;;;;0;0;434134;0.002431;33.0;;;
2026-03-29 01:50:48.855;134192226488550000;;;;;0;0;434194;0.002431;33.2;;;
2026-03-29 01:51:13.955;134192226739550000;;4.3229165;9.578959E-6;30.0;0;0;;;;;;
2026-03-29 01:51:48.855;134192227088550000;;;;;0;0;434254;0.002431;33.3;;;
2026-03-29 01:52:48.855;134192227688550000;;;;;0;0;434314;0.002431;33.4;;;
2026-03-29 01:52:49.955;134192227699550000;;4.3958335;7.45341E-6;29.4;0;0;;;;;;
2026-03-29 01:53:48.855;134192228288550000;;;;;0;0;434374;0.002431;33.5;;;
2026-03-29 01:54:25.955;134192228659550000;;4.09375;8.163961E-6;33.9;0;0;;;;;;
2026-03-29 01:54:48.855;134192228888550000;;;;;0;0;434434;0.002431;33.6;;;
2026-03-29 01:55:48.855;134192229488550000;;;;;0;0;434494;0.002432;33.7;;;
2026-03-29 01:56:01.955;134192229619550000;;4.2708335;7.666525E-6;34.1;0;0;;;;;;
2026-03-29 01:56:48.855;134192230088550000;;;;;0;0;434554;0.002432;33.8;;;
2026-03-29 01:57:37.955;134192230579550000;;4.0520835;5.9448244E-6;40.1;0;0;;;;;;
2026-03-29 01:57:48.855;134192230688550000;;;;;0;0;434614;0.002432;33.9;;;
2026-03-29 01:58:48.855;134192231288550000;;;;;0;0;434674;0.002432;34.0;;;
2026-03-29 01:59:13.955;134192231539550000;;4.2604165;5.662028E-6;31.8;0;0;;;;;;
2026-03-29 01:59:48.855;134192231888550000;;;;;0;0;434734;0.002432;34.1;;;
2026-03-29 02:00:48.855;134192232488550000;;;;;0;0;434794;0.002432;34.3;;;
2026-03-29 02:00:49.955;134192232499550000;;4.4270835;7.2057087E-6;36.6;0;0;;;;;;
2026-03-29 02:01:48.855;134192233088550000;;;;;0;0;434854;0.002432;34.4;;;
2026-03-29 02:02:25.955;134192233459550000;;4.3958335;6.5546674E-6;32.7;0;0;;;;;;
2026-03-29 02:03:48.855;134192234288550000;;;;;0;0;434974;0.002432;34.5;;;
2026-03-29 02:04:01.955;134192234419550000;;4.3958335;6.762695E-6;35.6;0;0;;;;;;
2026-03-29 02:05:37.955;134192235379550000;;3.7708333;4.8278807E-6;37.6;0;0;;;;;;
2026-03-29 02:05:48.855;134192235488550000;;;;;0;0;435094;0.002433;34.3;;;
2026-03-29 02:06:48.855;134192236088550000;;;;;0;0;435154;0.002433;34.2;;;
2026-03-29 02:07:13.955;134192236339550000;;3.7083333;5.56488E-6;38.9;0;0;;;;;;
2026-03-29 02:07:48.855;134192236688550000;;;;;0;0;435214;0.002433;33.9;;;
2026-03-29 02:08:48.855;134192237288550000;;;;;0;0;435274;0.002433;33.7;;;
2026-03-29 02:08:49.955;134192237299550000;;3.6666667;6.0073853E-6;31.0;0;0;;;;;;
2026-03-29 02:09:48.855;134192237888550000;;;;;0;0;435334;0.002433;33.5;;;
2026-03-29 02:10:25.955;134192238259550000;;3.5729167;4.054769E-6;38.2;0;0;;;;;;
2026-03-29 02:10:48.855;134192238488550000;;;;;0;0;435394;0.002433;33.3;;;
2026-03-29 02:11:48.855;134192239088550000;;;;;0;0;435454;0.002433;33.0;;;
2026-03-29 02:12:01.955;134192239219550000;;3.6145833;5.7662965E-6;39.9;0;0;;;;;;
2026-03-29 02:12:48.855;134192239688550000;;;;;0;0;435514;0.002433;32.8;;;
2026-03-29 02:13:37.955;134192240179550000;;4.1458335;7.725016E-6;34.9;0;0;;;;;;
2026-03-29 02:13:48.855;134192240288550000;;;;;0;0;435574;0.002433;32.6;;;
2026-03-29 02:14:48.855;134192240888550000;;;;;0;0;435634;0.002434;32.3;;;
2026-03-29 02:15:13.955;134192241139550000;;3.8854167;5.001831E-6;40.5;0;0;;;;;;
2026-03-29 02:15:48.855;134192241488550000;;;;;0;0;435694;0.002434;32.1;;;
2026-03-29 02:16:48.855;134192242088550000;;;;;0;0;435754;0.002434;31.8;;;
2026-03-29 02:16:49.955;134192242099550000;;4.5;4.336039E-6;28.9;0;0;;;;;;
2026-03-29 02:17:48.855;134192242688550000;;;;;0;0;435814;0.002434;31.5;;;
2026-03-29 02:18:25.955;134192243059550000;;4.3541665;6.198629E-6;33.4;0;0;;;;;;
2026-03-29 02:18:48.855;134192243288550000;;;;;0;0;435874;0.002434;31.3;;;
2026-03-29 02:19:48.855;134192243888550000;;;;;0;0;435934;0.002434;31.0;;;
2026-03-29 02:20:01.955;134192244019550000;;4.2083335;6.085205E-6;36.1;0;0;;;;;;
2026-03-29 02:20:48.855;134192244488550000;;;;;0;0;435994;0.002434;30.7;;;
2026-03-29 02:21:37.955;134192244979550000;;4.2604165;5.522156E-6;39.6;0;0;;;;;;
2026-03-29 02:21:48.855;134192245088550000;;;;;0;0;436054;0.002434;30.4;;;
2026-03-29 02:22:48.855;134192245688550000;;;;;0;0;436114;0.002434;30.1;;;
2026-03-29 02:23:13.955;134192245939550000;;4.2083335;6.016032E-6;37.7;0;0;;;;;;
2026-03-29 02:23:48.855;134192246288550000;;;;;0;0;436174;0.002434;29.8;;;
2026-03-29 02:24:48.855;134192246888550000;;;;;0;0;436234;0.002434;29.5;;;
2026-03-29 02:24:49.955;134192246899550000;;4.2708335;6.625366E-6;33.5;0;0;;;;;;
2026-03-29 02:25:48.855;134192247488550000;;;;;0;0;436294;0.002435;29.2;;;
2026-03-29 02:26:25.955;134192247859550000;;3.9166667;5.1101683E-6;36.2;0;0;;;;;;
2026-03-29 02:26:48.855;134192248088550000;;;;;0;0;436354;0.002435;28.9;;;
2026-03-29 02:27:48.855;134192248688550000;;;;;0;0;436414;0.002435;28.5;;;
2026-03-29 02:28:01.955;134192248819550000;;4.1041665;5.260722E-6;37.6;0;0;;;;;;
2026-03-29 02:28:48.855;134192249288550000;;;;;0;0;436474;0.002435;28.2;;;
2026-03-29 02:29:37.955;134192249779550000;;3.96875;5.1305137E-6;32.8;0;0;;;;;;
2026-03-29 02:29:48.855;134192249888550000;;;;;0;0;436534;0.002435;27.8;;;
2026-03-29 02:30:48.855;134192250488550000;;;;;0;0;436594;0.002435;27.5;;;
2026-03-29 02:31:13.955;134192250739550000;;3.2708333;3.922526E-6;42.7;0;0;;;;;;
2026-03-29 02:31:48.855;134192251088550000;;;;;0;0;436654;0.002435;27.1;;;
2026-03-29 02:32:48.855;134192251688550000;;;;;0;0;436714;0.002435;26.9;;;
2026-03-29 02:32:49.955;134192251699550000;;3.6666667;7.3476153E-6;37.8;0;0;;;;;;
2026-03-29 02:33:48.855;134192252288550000;;;;;0;0;436774;0.002435;26.6;;;
2026-03-29 02:34:25.955;134192252659550000;;3.3645833;4.09139E-6;41.1;0;0;;;;;;
2026-03-29 02:34:48.855;134192252888550000;;;;;0;0;436834;0.002435;26.4;;;
2026-03-29 02:35:48.855;134192253488550000;;;;;0;0;436894;0.002435;26.1;;;
2026-03-29 02:36:01.955;134192253619550000;;3.8645833;4.9748737E-6;40.1;0;0;;;;;;
2026-03-29 02:36:48.855;134192254088550000;;;;;0;0;436954;0.002436;25.9;;;
2026-03-29 02:37:37.955;134192254579550000;;4.0520835;6.2398276E-6;37.0;0;0;;;;;;
2026-03-29 02:37:48.855;134192254688550000;;;;;0;0;437014;0.002436;25.6;;;
2026-03-29 02:38:48.855;134192255288550000;;;;;0;0;437074;0.002436;25.4;;;
2026-03-29 02:39:13.955;134192255539550000;;3.84375;4.5873007E-6;35.2;0;0;;;;;;
2026-03-29 02:39:48.855;134192255888550000;;;;;0;0;437134;0.002436;25.2;;;
2026-03-29 02:40:48.855;134192256488550000;;;;;0;0;437194;0.002436;25.0;;;
2026-03-29 02:40:49.955;134192256499550000;;4.71875;6.4875285E-6;34.1;0;0;;;;;;
2026-03-29 02:41:48.855;134192257088550000;;;;;0;0;437254;0.002436;24.8;;;
2026-03-29 02:42:25.955;134192257459550000;;6.5208335;7.790629E-6;28.3;0;0;;;;;;
2026-03-29 02:43:48.855;134192258288550000;;;;;0;0;437374;0.002436;25.0;;;
2026-03-29 02:44:01.955;134192258419550000;;7.2291665;1.1305746E-5;25.3;0;0;;;;;;
2026-03-29 02:44:48.855;134192258888550000;;;;;0;0;437434;0.002436;25.4;;;
2026-03-29 02:45:37.955;134192259379550000;;6.9479165;1.07396445E-5;23.5;0;0;;;;;;
2026-03-29 02:45:48.855;134192259488550000;;;;;0;0;437494;0.002437;25.8;;;
2026-03-29 02:46:48.855;134192260088550000;;;;;0;0;437554;0.002437;26.1;;;
2026-03-29 02:47:13.955;134192260339550000;;6.6458335;1.0723877E-5;27.4;0;0;;;;;;
2026-03-29 02:47:48.855;134192260688550000;;;;;0;0;437614;0.002437;26.4;;;
2026-03-29 02:48:48.855;134192261288550000;;;;;0;0;437674;0.002437;26.6;;;
2026-03-29 02:48:49.955;134192261299550000;;7.0104165;7.940165E-6;26.6;0;0;;;;;;
2026-03-29 02:49:48.855;134192261888550000;;;;;0;0;437734;0.002437;26.8;;;
2026-03-29 02:50:25.955;134192262259550000;;6.8854165;1.0353597E-5;25.6;0;0;;;;;;
2026-03-29 02:50:48.855;134192262488550000;;;;;0;0;437794;0.002437;26.9;;;
2026-03-29 02:51:48.855;134192263088550000;;;;;0;0;437854;0.002438;27.0;;;
2026-03-29 02:52:01.955;134192263219550000;;7.5520835;1.0016886E-5;26.2;0;0;;;;;;
2026-03-29 02:52:48.855;134192263688550000;;;;;0;0;437914;0.002438;27.1;;;
2026-03-29 02:53:37.955;134192264179550000;;6.5625;1.10377E-5;27.1;0;0;;;;;;
2026-03-29 02:54:48.855;134192264888550000;;;;;0;0;438034;0.002438;27.2;;;
2026-03-29 02:55:13.955;134192265139550000;;7.0104165;9.775289E-6;25.5;0;0;;;;;;
2026-03-29 02:56:49.955;134192266099550000;;6.8020835;1.0508728E-5;27.2;0;0;;;;;;
2026-03-29 02:58:25.955;134192267059550000;;7.2291665;9.9538165E-6;25.0;0;0;;;;;;
2026-03-29 03:00:01.955;134192268019550000;;7.3020835;9.786479E-6;25.9;0;0;;;;;;
2026-03-29 03:00:48.855;134192268488550000;;;;;0;0;438394;0.002439;27.4;;;
2026-03-29 03:02:30.425;134192269504250000;Device power off;;;;0;0;;;;;;
2026-03-29 03:02:30.485;134192269504850000;;;;;0;0;438496;0.002439;27.5;;;
2026-03-29 03:46:53.505;134192296135050000;;6.40625;3.1560262E-6;26.4;0;0;;;;;;
2026-03-29 03:46:53.895;134192296138950000;Device power on;;;;0;0;;;;;;
2026-03-29 03:46:55.895;134192296158950000;;;;;0;0;438497;0.002439;27.8;;;
2026-03-29 03:47:41.505;134192296615050000;;7.2291665;7.413737E-6;26.4;0;0;;;;;;
2026-03-29 03:49:17.505;134192297575050000;;7.0416665;1.1352539E-5;24.6;0;0;;;;;;
2026-03-29 03:50:53.505;134192298535050000;;6.84375;8.510336E-6;25.1;0;0;;;;;;
2026-03-29 03:52:29.505;134192299495050000;;6.75;8.2885745E-6;28.4;0;0;;;;;;
2026-03-29 03:54:05.505;134192300455050000;;7.0416665;8.554077E-6;25.5;0;0;;;;;;
2026-03-29 03:55:41.505;134192301415050000;;6.9583335;9.841919E-6;27.4;0;0;;;;;;
2026-03-29 03:57:17.505;134192302375050000;;7.15625;9.755452E-6;28.4;0;0;;;;;;
2026-03-29 03:58:53.505;134192303335050000;;6.8645835;1.1171976E-5;24.3;0;0;;;;;;
2026-03-29 04:00:29.505;134192304295050000;;6.5729165;9.586589E-6;25.5;0;0;;;;;;
2026-03-29 04:01:55.895;134192305158950000;;;;;0;0;439397;0.002442;27.7;;;
2026-03-29 04:02:05.505;134192305255050000;;6.8854165;1.043396E-5;25.5;0;0;;;;;;
2026-03-29 04:03:41.505;134192306215050000;;6.8958335;8.028666E-6;26.9;0;0;;;;;;
2026-03-29 04:05:17.505;134192307175050000;;7.3125;9.4660445E-6;25.9;0;0;;;;;;
2026-03-29 04:06:53.505;134192308135050000;;6.9791665;9.093221E-6;24.7;0;0;;;;;;
2026-03-29 04:08:29.505;134192309095050000;;6.8125;1.2570191E-5;25.0;0;0;;;;;;
2026-03-29 04:10:05.505;134192310055050000;;6.1354165;1.2437439E-5;25.8;0;0;;;;;;
2026-03-29 04:11:41.505;134192311015050000;;6.8958335;1.1424764E-5;24.8;0;0;;;;;;
2026-03-29 04:12:55.895;134192311758950000;;;;;0;0;440057;0.002443;27.6;;;
2026-03-29 04:13:17.505;134192311975050000;;6.8229165;1.117452E-5;25.7;0;0;;;;;;
2026-03-29 04:14:53.505;134192312935050000;;6.71875;1.0104879E-5;26.0;0;0;;;;;;
2026-03-29 04:16:29.505;134192313895050000;;6.9479165;1.133728E-5;26.3;0;0;;;;;;
2026-03-29 04:18:05.505;134192314855050000;;6.65625;8.943685E-6;27.9;0;0;;;;;;
2026-03-29 04:19:41.505;134192315815050000;;6.8333335;1.0923767E-5;26.2;0;0;;;;;;
2026-03-29 04:21:17.505;134192316775050000;;7.0104165;8.563233E-6;26.5;0;0;;;;;;
2026-03-29 04:22:53.505;134192317735050000;;7.3020835;9.0566E-6;25.2;0;0;;;;;;
2026-03-29 04:24:29.505;134192318695050000;;7.5520835;1.1682638E-5;25.7;0;0;;;;;;
2026-03-29 04:26:05.505;134192319655050000;;7.40625;1.1243184E-5;24.6;0;0;;;;;;
2026-03-29 04:27:41.505;134192320615050000;;6.9583335;9.41569E-6;25.5;0;0;;;;;;
2026-03-29 04:29:17.505;134192321575050000;;7.2083335;1.0551961E-5;25.6;0;0;;;;;;
2026-03-29 04:29:55.895;134192321958950000;;;;;0;0;441077;0.002446;27.5;;;
2026-03-29 04:30:53.505;134192322535050000;;7.2083335;1.3543701E-5;24.6;0;0;;;;;;
2026-03-29 04:32:29.505;134192323495050000;;7.6770835;1.0451253E-5;24.6;0;0;;;;;;
2026-03-29 04:34:05.505;134192324455050000;;7.2708335;1.0514832E-5;24.4;0;0;;;;;;
2026-03-29 04:35:41.505;134192325415050000;;7.3125;1.0295105E-5;26.2;0;0;;;;;;
2026-03-29 04:37:17.505;134192326375050000;;6.4166665;8.191427E-6;24.9;0;0;;;;;;
2026-03-29 04:38:53.505;134192327335050000;;7.0833335;1.1144002E-5;25.3;0;0;;;;;;
2026-03-29 04:40:29.505;134192328295050000;;7.4791665;1.1626688E-5;26.4;0;0;;;;;;
2026-03-29 04:42:05.505;134192329255050000;;6.875;1.25E-5;25.2;0;0;;;;;;
2026-03-29 04:43:41.505;134192330215050000;;6.9583335;9.192911E-6;24.9;0;0;;;;;;
2026-03-29 04:45:17.505;134192331175050000;;7.21875;1.0042318E-5;25.7;0;0;;;;;;
2026-03-29 04:46:53.505;134192332135050000;;7.2708335;1.08596805E-5;25.2;0;0;;;;;;
2026-03-29 04:48:29.505;134192333095050000;;7.1458335;1.051534E-5;26.1;0;0;;;;;;
2026-03-29 04:50:05.505;134192334055050000;;6.34375;1.2819926E-5;26.1;0;0;;;;;;
2026-03-29 04:51:41.505;134192335015050000;;6.75;8.750407E-6;26.1;0;0;;;;;;
2026-03-29 04:51:55.895;134192335158950000;;;;;0;0;442397;0.00245;27.4;;;
2026-03-29 04:53:17.505;134192335975050000;;7.5625;8.957926E-6;23.5;0;0;;;;;;
2026-03-29 04:54:53.505;134192336935050000;;7.0416665;9.454346E-6;26.7;0;0;;;;;;
2026-03-29 04:56:29.505;134192337895050000;;6.8854165;1.2341308E-5;26.3;0;0;;;;;;
2026-03-29 04:58:05.505;134192338855050000;;6.6666665;9.073893E-6;28.6;0;0;;;;;;
2026-03-29 04:59:41.505;134192339815050000;;7.2604165;1.0602824E-5;26.0;0;0;;;;;;
2026-03-29 05:01:17.505;134192340775050000;;6.71875;9.565735E-6;25.1;0;0;;;;;;
2026-03-29 05:02:53.505;134192341735050000;;7.1770835;1.2392171E-5;25.4;0;0;;;;;;
2026-03-29 05:04:29.505;134192342695050000;;6.6145835;9.907023E-6;26.5;0;0;;;;;;
2026-03-29 05:06:05.505;134192343655050000;;7.15625;9.774781E-6;24.9;0;0;;;;;;
2026-03-29 05:07:41.505;134192344615050000;;7.0833335;1.1264038E-5;26.5;0;0;;;;;;
2026-03-29 05:08:55.895;134192345358950000;;;;;0;0;443417;0.002453;27.3;;;
2026-03-29 05:09:17.505;134192345575050000;;7.3333335;9.751384E-6;24.6;0;0;;;;;;
2026-03-29 05:10:53.505;134192346535050000;;6.8333335;8.908081E-6;28.5;0;0;;;;;;
2026-03-29 05:12:29.505;134192347495050000;;6.875;8.203125E-6;25.0;0;0;;;;;;
2026-03-29 05:14:05.505;134192348455050000;;6.96875;9.000651E-6;24.9;0;0;;;;;;
2026-03-29 05:15:41.505;134192349415050000;;6.9895835;9.745789E-6;25.1;0;0;;;;;;
2026-03-29 05:17:17.505;134192350375050000;;7.5104165;1.06684365E-5;22.4;0;0;;;;;;
2026-03-29 05:18:53.505;134192351335050000;;6.9895835;9.87854E-6;25.3;0;0;;;;;;
2026-03-29 05:20:29.505;134192352295050000;;7.1145835;1.276296E-5;23.5;0;0;;;;;;
2026-03-29 05:22:05.505;134192353255050000;;7.1666665;1.2594096E-5;22.8;0;0;;;;;;
2026-03-29 05:23:41.505;134192354215050000;;7.5833335;1.0547384E-5;25.4;0;0;;;;;;
2026-03-29 05:25:17.505;134192355175050000;;6.6145835;8.685302E-6;25.7;0;0;;;;;;
2026-03-29 05:26:53.505;134192356135050000;;7.5729165;1.1740112E-5;23.3;0;0;;;;;;
2026-03-29 05:26:55.895;134192356158950000;;;;;0;0;444497;0.002456;27.2;;;
2026-03-29 05:28:33.205;134192357132050000;Device power off;;;;0;0;;;;;;
2026-03-29 05:28:33.265;134192357132650000;;;;;0;0;444595;0.002457;27.2;;;
